SHADOW Model - Trial 0 - Member Interval Sample Indices
======================================================================

Total samples: 30000
Total timestamps: 50

Interval: 0 (Member length = 0)
Sample count: 300
Sample indices: [25014, 25017, 25059, 25064, 25097, 25116, 25122, 25141, 25166, 25167, 25170, 25182, 25183, 25187, 25203, 25214, 25234, 25244, 25268, 25284, 25303, 25311, 25327, 25340, 25389, 25408, 25426, 25433, 25434, 25435, 25439, 25443, 25448, 25489, 25510, 25534, 25546, 25587, 25592, 25593, 25611, 25621, 25625, 25628, 25631, 25635, 25646, 25671, 25674, 25689, 25699, 25731, 25757, 25783, 25815, 25860, 25875, 25889, 25892, 25911, 25981, 25982, 25993, 25997, 26010, 26016, 26022, 26054, 26065, 26069, 26103, 26144, 26147, 26163, 26179, 26205, 26209, 26210, 26223, 26224, 26228, 26240, 26301, 26329, 26365, 26397, 26408, 26461, 26466, 26478, 26483, 26572, 26585, 26590, 26615, 26616, 26618, 26677, 26688, 26711, 26717, 26758, 26762, 26764, 26769, 26789, 26792, 26801, 26815, 26843, 26868, 26881, 26889, 26899, 26913, 26934, 26940, 26995, 27020, 27025, 27036, 27042, 27057, 27075, 27097, 27099, 27104, 27154, 27168, 27192, 27198, 27238, 27248, 27250, 27267, 27297, 27346, 27353, 27354, 27358, 27364, 27366, 27373, 27379, 27428, 27430, 27456, 27463, 27487, 27521, 27528, 27538, 27541, 27575, 27579, 27609, 27623, 27626, 27639, 27640, 27656, 27678, 27679, 27681, 27696, 27697, 27701, 27726, 27762, 27788, 27793, 27827, 27836, 27847, 27902, 27936, 27971, 27991, 28012, 28018, 28036, 28045, 28058, 28100, 28102, 28144, 28150, 28154, 28166, 28182, 28219, 28245, 28249, 28261, 28302, 28311, 28313, 28323, 28331, 28332, 28336, 28351, 28364, 28384, 28403, 28455, 28501, 28509, 28520, 28522, 28529, 28558, 28575, 28640, 28642, 28662, 28664, 28678, 28703, 28749, 28755, 28761, 28776, 28783, 28792, 28809, 28842, 28845, 28850, 28856, 28867, 28870, 28872, 28892, 28930, 28938, 28949, 28950, 28959, 28986, 29005, 29049, 29089, 29115, 29130, 29155, 29164, 29181, 29188, 29194, 29201, 29240, 29241, 29253, 29273, 29282, 29288, 29318, 29326, 29342, 29350, 29356, 29375, 29390, 29419, 29423, 29432, 29456, 29457, 29469, 29470, 29501, 29533, 29569, 29619, 29634, 29645, 29646, 29653, 29663, 29671, 29714, 29720, 29785, 29799, 29805, 29806, 29816, 29842, 29845, 29868, 29895, 29902, 29931, 29955, 29963, 29966, 29972, 29977, 29993]

Interval: 1-39 (Member length: 1 to 39)
Sample count: 11629
Sample indices: [2, 6, 12, 13, 14, 15, 19, 20, 23, 27, 28, 29, 33, 35, 38, 39, 49, 51, 52, 54, 55, 58, 59, 65, 69, 72, 73, 76, 77, 83, 86, 87, 89, 98, 101, 103, 104, 106, 109, 110, 113, 115, 119, 121, 125, 126, 127, 140, 144, 146, 148, 152, 153, 154, 159, 164, 169, 177, 180, 182, 183, 187, 192, 193, 194, 199, 208, 209, 216, 218, 220, 224, 228, 229, 230, 231, 236, 240, 245, 248, 251, 253, 255, 257, 258, 259, 261, 263, 264, 267, 270, 271, 272, 274, 275, 277, 282, 283, 290, 293, 294, 298, 300, 301, 303, 305, 306, 307, 312, 316, 320, 323, 324, 325, 327, 328, 329, 330, 333, 337, 338, 341, 346, 350, 351, 356, 357, 362, 364, 365, 368, 370, 372, 374, 377, 381, 388, 394, 395, 397, 399, 400, 403, 405, 406, 408, 411, 413, 417, 418, 419, 420, 424, 433, 435, 437, 441, 444, 449, 451, 457, 459, 462, 463, 464, 466, 469, 474, 476, 478, 479, 481, 482, 485, 488, 489, 492, 494, 495, 497, 498, 499, 504, 506, 514, 515, 518, 520, 521, 523, 527, 531, 532, 535, 537, 541, 549, 558, 562, 563, 569, 571, 572, 575, 577, 578, 584, 585, 589, 596, 598, 599, 601, 605, 609, 610, 611, 628, 632, 634, 639, 640, 641, 646, 657, 658, 663, 665, 671, 674, 675, 676, 684, 686, 687, 691, 692, 694, 695, 699, 704, 710, 711, 712, 713, 715, 716, 717, 718, 719, 730, 731, 733, 735, 736, 738, 742, 746, 747, 748, 754, 762, 764, 768, 769, 770, 772, 774, 781, 784, 786, 789, 791, 792, 793, 794, 797, 804, 805, 808, 809, 811, 816, 819, 824, 825, 827, 829, 832, 833, 835, 839, 844, 845, 847, 855, 857, 858, 860, 861, 867, 869, 870, 871, 872, 873, 875, 876, 879, 881, 882, 883, 889, 891, 893, 899, 901, 905, 908, 911, 913, 915, 920, 924, 927, 928, 937, 939, 940, 941, 943, 947, 948, 951, 952, 953, 955, 963, 968, 972, 980, 981, 985, 989, 999, 1002, 1003, 1006, 1007, 1010, 1012, 1013, 1014, 1016, 1021, 1024, 1026, 1030, 1034, 1035, 1038, 1040, 1042, 1044, 1056, 1060, 1063, 1068, 1074, 1081, 1084, 1089, 1094, 1098, 1100, 1104, 1105, 1109, 1111, 1115, 1122, 1129, 1133, 1140, 1142, 1145, 1147, 1151, 1154, 1155, 1158, 1159, 1162, 1169, 1170, 1174, 1175, 1178, 1180, 1183, 1187, 1192, 1194, 1195, 1199, 1202, 1205, 1211, 1212, 1213, 1215, 1218, 1222, 1223, 1224, 1227, 1228, 1229, 1232, 1233, 1237, 1240, 1242, 1251, 1254, 1260, 1261, 1263, 1269, 1276, 1281, 1284, 1285, 1292, 1293, 1295, 1296, 1298, 1303, 1304, 1305, 1307, 1309, 1314, 1320, 1322, 1326, 1327, 1328, 1330, 1338, 1340, 1343, 1345, 1346, 1348, 1361, 1362, 1363, 1364, 1368, 1370, 1373, 1375, 1376, 1378, 1380, 1383, 1387, 1388, 1389, 1394, 1395, 1399, 1400, 1402, 1405, 1407, 1408, 1409, 1410, 1411, 1412, 1417, 1419, 1422, 1423, 1432, 1435, 1440, 1442, 1443, 1444, 1447, 1451, 1454, 1459, 1460, 1463, 1464, 1467, 1468, 1470, 1477, 1478, 1479, 1487, 1489, 1491, 1494, 1496, 1502, 1508, 1509, 1510, 1512, 1518, 1520, 1521, 1522, 1524, 1530, 1531, 1532, 1533, 1535, 1536, 1537, 1545, 1547, 1548, 1550, 1551, 1553, 1557, 1564, 1568, 1571, 1573, 1575, 1579, 1583, 1585, 1586, 1590, 1591, 1594, 1597, 1603, 1604, 1609, 1612, 1614, 1619, 1621, 1622, 1624, 1626, 1628, 1634, 1640, 1642, 1645, 1647, 1653, 1655, 1659, 1660, 1666, 1670, 1673, 1679, 1680, 1681, 1683, 1684, 1688, 1694, 1698, 1701, 1702, 1705, 1708, 1709, 1710, 1714, 1718, 1721, 1722, 1734, 1737, 1741, 1742, 1743, 1745, 1751, 1758, 1760, 1761, 1762, 1763, 1764, 1769, 1778, 1779, 1781, 1784, 1787, 1790, 1791, 1797, 1798, 1805, 1808, 1812, 1819, 1822, 1825, 1827, 1828, 1831, 1834, 1835, 1839, 1842, 1844, 1846, 1848, 1850, 1855, 1856, 1858, 1863, 1866, 1874, 1875, 1878, 1887, 1889, 1902, 1903, 1906, 1910, 1912, 1913, 1916, 1917, 1921, 1924, 1925, 1928, 1929, 1932, 1933, 1938, 1942, 1943, 1948, 1953, 1956, 1957, 1958, 1960, 1964, 1969, 1972, 1975, 1977, 1979, 1980, 1981, 1983, 1986, 1987, 1997, 2000, 2001, 2003, 2006, 2009, 2013, 2020, 2022, 2024, 2028, 2030, 2031, 2032, 2034, 2036, 2037, 2041, 2042, 2044, 2047, 2048, 2050, 2051, 2060, 2062, 2068, 2070, 2071, 2072, 2074, 2079, 2084, 2085, 2086, 2087, 2088, 2089, 2094, 2099, 2100, 2103, 2105, 2106, 2107, 2108, 2112, 2114, 2119, 2123, 2124, 2128, 2130, 2131, 2132, 2133, 2135, 2140, 2141, 2143, 2144, 2145, 2151, 2152, 2153, 2155, 2156, 2157, 2158, 2159, 2163, 2164, 2167, 2173, 2174, 2178, 2180, 2186, 2188, 2189, 2191, 2195, 2200, 2201, 2202, 2203, 2208, 2209, 2211, 2214, 2216, 2217, 2220, 2222, 2224, 2228, 2230, 2232, 2233, 2236, 2238, 2242, 2243, 2248, 2251, 2254, 2259, 2262, 2263, 2264, 2269, 2270, 2274, 2275, 2278, 2280, 2281, 2283, 2285, 2286, 2289, 2291, 2293, 2294, 2296, 2301, 2302, 2303, 2305, 2309, 2310, 2312, 2317, 2319, 2321, 2322, 2324, 2330, 2331, 2332, 2333, 2336, 2337, 2341, 2343, 2345, 2346, 2349, 2353, 2355, 2358, 2359, 2363, 2367, 2368, 2372, 2376, 2377, 2378, 2382, 2383, 2395, 2396, 2398, 2405, 2406, 2407, 2412, 2413, 2416, 2421, 2422, 2424, 2425, 2426, 2427, 2428, 2431, 2432, 2433, 2436, 2443, 2445, 2447, 2450, 2452, 2455, 2458, 2461, 2464, 2468, 2469, 2470, 2477, 2481, 2490, 2492, 2495, 2496, 2498, 2500, 2501, 2503, 2506, 2508, 2511, 2515, 2516, 2533, 2540, 2541, 2542, 2545, 2547, 2550, 2554, 2555, 2556, 2559, 2561, 2563, 2564, 2568, 2572, 2573, 2574, 2580, 2583, 2589, 2596, 2597, 2599, 2600, 2601, 2604, 2605, 2606, 2608, 2613, 2614, 2616, 2619, 2622, 2624, 2626, 2627, 2629, 2631, 2633, 2637, 2641, 2642, 2646, 2651, 2655, 2660, 2665, 2667, 2669, 2680, 2683, 2684, 2691, 2695, 2696, 2697, 2698, 2699, 2705, 2710, 2713, 2717, 2718, 2720, 2723, 2726, 2730, 2731, 2732, 2735, 2737, 2738, 2740, 2741, 2743, 2744, 2745, 2747, 2749, 2751, 2757, 2758, 2762, 2767, 2768, 2769, 2772, 2773, 2774, 2776, 2779, 2782, 2785, 2789, 2790, 2797, 2799, 2801, 2802, 2805, 2806, 2811, 2819, 2826, 2827, 2832, 2833, 2834, 2836, 2838, 2839, 2840, 2841, 2847, 2851, 2852, 2853, 2863, 2866, 2867, 2869, 2871, 2872, 2876, 2881, 2883, 2888, 2892, 2893, 2894, 2904, 2905, 2907, 2908, 2909, 2917, 2930, 2931, 2936, 2937, 2938, 2939, 2944, 2951, 2955, 2960, 2964, 2966, 2967, 2969, 2970, 2972, 2975, 2979, 2980, 2981, 2988, 2989, 2991, 2995, 2997, 2998, 3002, 3004, 3005, 3006, 3007, 3009, 3014, 3020, 3026, 3027, 3030, 3033, 3034, 3035, 3037, 3039, 3040, 3041, 3044, 3047, 3052, 3056, 3060, 3063, 3066, 3074, 3076, 3078, 3080, 3081, 3083, 3090, 3092, 3093, 3097, 3098, 3103, 3104, 3107, 3108, 3109, 3112, 3116, 3118, 3119, 3120, 3123, 3124, 3125, 3126, 3127, 3129, 3131, 3132, 3134, 3135, 3153, 3154, 3156, 3157, 3161, 3163, 3168, 3170, 3173, 3179, 3180, 3181, 3182, 3187, 3189, 3193, 3195, 3197, 3200, 3201, 3203, 3207, 3209, 3216, 3224, 3233, 3249, 3252, 3260, 3268, 3269, 3270, 3271, 3274, 3275, 3279, 3280, 3283, 3284, 3287, 3288, 3293, 3295, 3297, 3300, 3309, 3310, 3311, 3313, 3314, 3315, 3319, 3320, 3324, 3328, 3330, 3334, 3336, 3343, 3346, 3347, 3348, 3350, 3355, 3363, 3365, 3369, 3374, 3377, 3378, 3381, 3382, 3384, 3385, 3388, 3389, 3390, 3393, 3401, 3404, 3408, 3414, 3415, 3418, 3420, 3422, 3431, 3434, 3438, 3439, 3443, 3444, 3445, 3447, 3452, 3455, 3457, 3458, 3460, 3461, 3462, 3463, 3464, 3467, 3470, 3471, 3474, 3476, 3479, 3480, 3485, 3487, 3488, 3493, 3498, 3499, 3500, 3504, 3505, 3512, 3513, 3514, 3517, 3521, 3523, 3524, 3529, 3531, 3532, 3533, 3536, 3538, 3539, 3542, 3543, 3545, 3546, 3547, 3552, 3555, 3558, 3561, 3573, 3574, 3576, 3577, 3580, 3581, 3588, 3593, 3599, 3601, 3603, 3610, 3611, 3612, 3617, 3618, 3621, 3622, 3623, 3626, 3627, 3631, 3632, 3635, 3637, 3639, 3641, 3647, 3649, 3653, 3657, 3661, 3664, 3666, 3670, 3673, 3674, 3675, 3677, 3678, 3680, 3682, 3688, 3690, 3700, 3702, 3704, 3706, 3708, 3709, 3718, 3719, 3721, 3722, 3724, 3725, 3732, 3739, 3746, 3749, 3751, 3752, 3753, 3754, 3757, 3759, 3760, 3761, 3762, 3763, 3766, 3767, 3771, 3772, 3774, 3775, 3778, 3779, 3781, 3785, 3787, 3788, 3790, 3791, 3801, 3804, 3808, 3810, 3812, 3813, 3814, 3815, 3816, 3817, 3818, 3820, 3823, 3825, 3828, 3830, 3831, 3832, 3833, 3840, 3843, 3845, 3849, 3851, 3854, 3858, 3866, 3867, 3868, 3871, 3872, 3873, 3874, 3876, 3879, 3881, 3883, 3884, 3885, 3887, 3889, 3890, 3892, 3896, 3898, 3901, 3907, 3908, 3909, 3910, 3914, 3915, 3917, 3922, 3931, 3937, 3938, 3939, 3946, 3952, 3954, 3955, 3956, 3958, 3960, 3965, 3967, 3970, 3972, 3977, 3978, 3980, 3981, 3982, 3983, 3985, 3987, 3988, 3990, 3993, 3995, 3996, 3997, 4004, 4008, 4009, 4013, 4019, 4021, 4023, 4025, 4026, 4027, 4030, 4031, 4034, 4035, 4036, 4040, 4047, 4048, 4053, 4054, 4056, 4057, 4059, 4060, 4061, 4063, 4064, 4068, 4074, 4076, 4082, 4085, 4086, 4089, 4092, 4093, 4099, 4100, 4105, 4106, 4109, 4116, 4120, 4124, 4126, 4131, 4133, 4138, 4147, 4149, 4151, 4153, 4154, 4158, 4160, 4167, 4168, 4173, 4177, 4178, 4183, 4185, 4187, 4189, 4191, 4192, 4196, 4198, 4201, 4202, 4206, 4213, 4214, 4216, 4222, 4223, 4224, 4230, 4237, 4238, 4240, 4245, 4246, 4247, 4251, 4252, 4256, 4264, 4270, 4271, 4273, 4274, 4277, 4278, 4280, 4287, 4290, 4291, 4292, 4293, 4294, 4295, 4299, 4300, 4301, 4303, 4305, 4310, 4311, 4314, 4315, 4317, 4318, 4319, 4322, 4325, 4328, 4329, 4331, 4337, 4339, 4344, 4345, 4346, 4348, 4350, 4353, 4360, 4361, 4364, 4365, 4368, 4370, 4371, 4374, 4376, 4378, 4379, 4381, 4382, 4384, 4385, 4389, 4396, 4397, 4398, 4409, 4410, 4411, 4413, 4419, 4420, 4422, 4423, 4432, 4437, 4438, 4440, 4442, 4443, 4446, 4449, 4451, 4452, 4454, 4456, 4457, 4458, 4460, 4463, 4464, 4465, 4468, 4469, 4470, 4471, 4472, 4473, 4475, 4476, 4485, 4491, 4495, 4497, 4507, 4508, 4509, 4516, 4518, 4521, 4524, 4527, 4529, 4530, 4533, 4536, 4538, 4539, 4542, 4545, 4551, 4553, 4556, 4559, 4561, 4562, 4563, 4564, 4565, 4568, 4572, 4573, 4576, 4577, 4582, 4583, 4585, 4586, 4588, 4590, 4592, 4594, 4599, 4600, 4601, 4607, 4608, 4610, 4612, 4616, 4617, 4618, 4623, 4624, 4625, 4626, 4628, 4631, 4641, 4642, 4646, 4652, 4654, 4658, 4659, 4660, 4667, 4668, 4669, 4674, 4677, 4680, 4683, 4688, 4690, 4696, 4699, 4703, 4708, 4709, 4710, 4713, 4714, 4715, 4716, 4717, 4718, 4726, 4728, 4730, 4731, 4733, 4734, 4737, 4738, 4749, 4753, 4754, 4757, 4758, 4760, 4762, 4765, 4766, 4767, 4768, 4770, 4779, 4782, 4786, 4787, 4790, 4792, 4793, 4795, 4803, 4808, 4809, 4811, 4812, 4813, 4818, 4822, 4823, 4824, 4826, 4831, 4834, 4841, 4843, 4844, 4849, 4851, 4854, 4858, 4859, 4862, 4863, 4865, 4871, 4879, 4883, 4887, 4888, 4889, 4892, 4893, 4894, 4896, 4899, 4900, 4901, 4904, 4906, 4911, 4913, 4915, 4917, 4921, 4923, 4924, 4930, 4931, 4932, 4935, 4942, 4944, 4945, 4946, 4948, 4951, 4953, 4954, 4956, 4957, 4962, 4965, 4966, 4968, 4969, 4975, 4978, 4979, 4982, 4984, 4993, 4994, 4995, 5006, 5009, 5010, 5013, 5021, 5024, 5025, 5026, 5027, 5028, 5029, 5030, 5033, 5041, 5050, 5055, 5062, 5065, 5066, 5067, 5069, 5071, 5073, 5081, 5084, 5085, 5087, 5091, 5096, 5097, 5099, 5101, 5110, 5114, 5117, 5119, 5122, 5123, 5125, 5127, 5133, 5136, 5137, 5138, 5139, 5140, 5142, 5143, 5145, 5147, 5148, 5149, 5150, 5151, 5153, 5154, 5157, 5160, 5165, 5167, 5168, 5171, 5174, 5176, 5177, 5179, 5181, 5183, 5187, 5189, 5191, 5196, 5197, 5206, 5207, 5210, 5211, 5214, 5221, 5223, 5224, 5226, 5227, 5230, 5231, 5234, 5237, 5242, 5244, 5245, 5247, 5257, 5258, 5259, 5263, 5264, 5268, 5272, 5277, 5280, 5282, 5283, 5287, 5290, 5292, 5293, 5294, 5297, 5309, 5312, 5315, 5316, 5317, 5325, 5330, 5335, 5340, 5343, 5348, 5355, 5357, 5361, 5363, 5367, 5368, 5370, 5373, 5379, 5380, 5381, 5384, 5392, 5394, 5396, 5398, 5399, 5401, 5407, 5410, 5415, 5417, 5418, 5421, 5426, 5427, 5428, 5429, 5435, 5445, 5446, 5447, 5452, 5453, 5456, 5457, 5463, 5465, 5466, 5467, 5471, 5475, 5476, 5481, 5482, 5483, 5487, 5490, 5491, 5493, 5500, 5503, 5504, 5505, 5507, 5520, 5522, 5523, 5534, 5535, 5536, 5538, 5540, 5541, 5543, 5547, 5551, 5555, 5557, 5558, 5559, 5561, 5563, 5569, 5570, 5572, 5573, 5574, 5578, 5581, 5582, 5584, 5585, 5589, 5591, 5593, 5597, 5599, 5603, 5605, 5606, 5607, 5609, 5613, 5614, 5619, 5621, 5622, 5623, 5625, 5626, 5633, 5634, 5635, 5639, 5640, 5642, 5643, 5644, 5645, 5646, 5648, 5651, 5659, 5661, 5662, 5663, 5670, 5671, 5676, 5678, 5679, 5682, 5684, 5688, 5691, 5696, 5698, 5699, 5701, 5705, 5707, 5709, 5710, 5715, 5717, 5718, 5726, 5727, 5728, 5730, 5731, 5732, 5736, 5742, 5748, 5750, 5751, 5753, 5754, 5762, 5763, 5764, 5765, 5766, 5768, 5769, 5770, 5778, 5779, 5781, 5783, 5786, 5787, 5790, 5791, 5793, 5798, 5799, 5800, 5802, 5804, 5806, 5808, 5812, 5813, 5814, 5815, 5817, 5823, 5824, 5825, 5828, 5831, 5832, 5833, 5834, 5835, 5837, 5839, 5840, 5841, 5843, 5845, 5847, 5849, 5850, 5857, 5858, 5863, 5864, 5867, 5869, 5872, 5874, 5878, 5883, 5885, 5886, 5891, 5893, 5897, 5898, 5903, 5906, 5910, 5911, 5918, 5919, 5926, 5928, 5936, 5937, 5938, 5939, 5941, 5942, 5949, 5950, 5957, 5958, 5959, 5960, 5964, 5966, 5968, 5973, 5981, 5983, 5984, 5988, 5989, 5991, 5992, 5993, 5995, 5998, 6000, 6006, 6009, 6013, 6016, 6020, 6021, 6035, 6036, 6040, 6042, 6048, 6051, 6059, 6060, 6062, 6065, 6066, 6067, 6071, 6075, 6079, 6084, 6085, 6088, 6089, 6092, 6093, 6095, 6097, 6099, 6104, 6106, 6107, 6111, 6112, 6116, 6117, 6118, 6119, 6120, 6121, 6126, 6127, 6128, 6131, 6132, 6135, 6136, 6141, 6142, 6149, 6150, 6152, 6153, 6161, 6167, 6168, 6170, 6171, 6172, 6175, 6178, 6179, 6180, 6183, 6188, 6195, 6196, 6197, 6203, 6207, 6211, 6213, 6214, 6216, 6219, 6222, 6227, 6229, 6233, 6236, 6237, 6240, 6241, 6246, 6249, 6252, 6254, 6255, 6259, 6261, 6263, 6268, 6270, 6277, 6281, 6284, 6285, 6286, 6287, 6288, 6290, 6291, 6293, 6294, 6296, 6298, 6299, 6300, 6302, 6305, 6308, 6313, 6318, 6319, 6332, 6333, 6335, 6336, 6337, 6340, 6341, 6346, 6350, 6361, 6363, 6365, 6370, 6371, 6372, 6373, 6376, 6377, 6381, 6383, 6385, 6386, 6387, 6388, 6391, 6396, 6400, 6409, 6410, 6415, 6416, 6418, 6422, 6427, 6433, 6437, 6438, 6441, 6443, 6448, 6450, 6453, 6457, 6460, 6462, 6465, 6468, 6469, 6473, 6477, 6481, 6483, 6484, 6487, 6488, 6493, 6494, 6499, 6501, 6502, 6503, 6504, 6507, 6509, 6510, 6511, 6517, 6518, 6521, 6522, 6525, 6528, 6529, 6530, 6531, 6534, 6535, 6536, 6538, 6543, 6547, 6548, 6549, 6550, 6554, 6555, 6558, 6559, 6560, 6561, 6563, 6569, 6571, 6572, 6573, 6574, 6575, 6576, 6580, 6581, 6584, 6585, 6586, 6587, 6590, 6592, 6595, 6596, 6598, 6599, 6601, 6602, 6606, 6610, 6611, 6612, 6613, 6615, 6616, 6621, 6623, 6624, 6629, 6630, 6632, 6638, 6639, 6640, 6642, 6643, 6645, 6647, 6648, 6650, 6655, 6656, 6657, 6658, 6659, 6661, 6662, 6666, 6667, 6675, 6676, 6678, 6682, 6684, 6685, 6686, 6689, 6690, 6695, 6697, 6700, 6701, 6702, 6703, 6707, 6711, 6712, 6713, 6715, 6717, 6720, 6727, 6728, 6730, 6731, 6732, 6740, 6747, 6750, 6751, 6755, 6756, 6757, 6760, 6761, 6766, 6774, 6776, 6779, 6783, 6785, 6787, 6789, 6796, 6798, 6799, 6803, 6804, 6805, 6807, 6809, 6816, 6818, 6820, 6835, 6836, 6838, 6840, 6841, 6843, 6844, 6853, 6856, 6860, 6861, 6872, 6875, 6878, 6879, 6885, 6892, 6894, 6895, 6898, 6900, 6901, 6905, 6908, 6910, 6913, 6915, 6918, 6920, 6925, 6927, 6930, 6931, 6935, 6937, 6938, 6939, 6942, 6943, 6944, 6945, 6946, 6947, 6949, 6951, 6952, 6954, 6956, 6957, 6958, 6960, 6962, 6965, 6966, 6968, 6969, 6970, 6972, 6973, 6974, 6976, 6984, 6986, 6989, 6992, 6993, 6997, 7001, 7009, 7012, 7013, 7018, 7024, 7026, 7027, 7028, 7029, 7030, 7033, 7037, 7038, 7042, 7045, 7048, 7054, 7055, 7056, 7060, 7061, 7062, 7063, 7066, 7070, 7071, 7072, 7076, 7079, 7081, 7085, 7090, 7091, 7093, 7094, 7098, 7099, 7100, 7107, 7109, 7111, 7114, 7122, 7127, 7128, 7130, 7132, 7135, 7140, 7141, 7143, 7146, 7148, 7150, 7158, 7165, 7167, 7172, 7178, 7181, 7183, 7187, 7188, 7190, 7196, 7197, 7200, 7201, 7204, 7205, 7207, 7209, 7213, 7216, 7217, 7218, 7223, 7226, 7229, 7230, 7234, 7235, 7242, 7243, 7247, 7248, 7250, 7255, 7256, 7261, 7262, 7264, 7265, 7266, 7268, 7269, 7271, 7275, 7277, 7280, 7281, 7284, 7288, 7292, 7294, 7295, 7296, 7298, 7301, 7302, 7305, 7306, 7309, 7311, 7316, 7319, 7320, 7323, 7324, 7328, 7329, 7333, 7337, 7342, 7343, 7347, 7348, 7349, 7352, 7356, 7357, 7360, 7363, 7365, 7366, 7367, 7368, 7369, 7374, 7375, 7384, 7386, 7387, 7391, 7398, 7400, 7401, 7408, 7413, 7429, 7433, 7436, 7438, 7439, 7441, 7450, 7452, 7455, 7458, 7460, 7461, 7463, 7465, 7467, 7468, 7469, 7470, 7471, 7475, 7476, 7481, 7482, 7483, 7484, 7486, 7488, 7490, 7506, 7509, 7510, 7514, 7515, 7516, 7518, 7519, 7526, 7533, 7534, 7535, 7540, 7542, 7543, 7544, 7546, 7551, 7552, 7553, 7556, 7558, 7561, 7562, 7564, 7566, 7568, 7571, 7576, 7577, 7579, 7581, 7582, 7584, 7585, 7588, 7592, 7597, 7601, 7603, 7605, 7606, 7613, 7614, 7620, 7622, 7625, 7626, 7635, 7645, 7647, 7649, 7650, 7652, 7653, 7658, 7660, 7661, 7665, 7668, 7670, 7678, 7683, 7684, 7685, 7687, 7689, 7690, 7691, 7692, 7697, 7700, 7702, 7705, 7706, 7707, 7713, 7716, 7717, 7719, 7720, 7721, 7722, 7725, 7731, 7732, 7733, 7735, 7739, 7742, 7744, 7746, 7748, 7749, 7755, 7756, 7757, 7758, 7762, 7767, 7768, 7770, 7777, 7780, 7781, 7782, 7785, 7787, 7788, 7791, 7794, 7795, 7796, 7798, 7800, 7801, 7811, 7812, 7817, 7818, 7820, 7822, 7827, 7828, 7830, 7831, 7832, 7836, 7839, 7840, 7843, 7845, 7846, 7848, 7849, 7850, 7851, 7853, 7854, 7856, 7857, 7858, 7864, 7865, 7866, 7868, 7870, 7871, 7873, 7874, 7875, 7880, 7881, 7883, 7888, 7894, 7896, 7897, 7898, 7899, 7900, 7904, 7906, 7907, 7908, 7909, 7914, 7915, 7919, 7920, 7924, 7925, 7929, 7930, 7934, 7935, 7936, 7943, 7945, 7946, 7947, 7952, 7953, 7954, 7957, 7958, 7960, 7964, 7967, 7969, 7971, 7972, 7973, 7975, 7978, 7980, 7981, 7984, 7992, 7994, 8000, 8002, 8003, 8004, 8006, 8007, 8008, 8010, 8014, 8015, 8017, 8018, 8024, 8028, 8030, 8031, 8032, 8037, 8038, 8040, 8041, 8042, 8047, 8061, 8062, 8075, 8079, 8080, 8083, 8085, 8086, 8088, 8089, 8090, 8092, 8096, 8103, 8107, 8108, 8111, 8116, 8118, 8121, 8122, 8126, 8131, 8132, 8133, 8134, 8135, 8144, 8146, 8150, 8151, 8153, 8154, 8156, 8159, 8160, 8164, 8165, 8169, 8173, 8178, 8180, 8181, 8184, 8185, 8186, 8187, 8200, 8201, 8218, 8223, 8225, 8228, 8230, 8238, 8240, 8246, 8255, 8264, 8269, 8270, 8273, 8274, 8280, 8282, 8285, 8293, 8295, 8296, 8300, 8303, 8308, 8309, 8311, 8312, 8313, 8314, 8315, 8317, 8323, 8325, 8326, 8337, 8341, 8343, 8352, 8353, 8354, 8360, 8363, 8364, 8365, 8367, 8372, 8376, 8377, 8381, 8382, 8388, 8396, 8398, 8399, 8400, 8401, 8404, 8406, 8408, 8412, 8413, 8414, 8420, 8422, 8428, 8429, 8435, 8440, 8441, 8443, 8446, 8448, 8453, 8454, 8455, 8456, 8463, 8465, 8466, 8470, 8473, 8475, 8484, 8485, 8487, 8488, 8497, 8498, 8499, 8500, 8503, 8505, 8506, 8509, 8510, 8514, 8518, 8526, 8533, 8534, 8536, 8537, 8538, 8541, 8542, 8544, 8545, 8552, 8553, 8554, 8555, 8559, 8560, 8561, 8572, 8576, 8580, 8581, 8582, 8583, 8586, 8589, 8591, 8594, 8598, 8601, 8602, 8604, 8612, 8613, 8614, 8615, 8624, 8628, 8629, 8636, 8638, 8641, 8643, 8645, 8646, 8652, 8653, 8658, 8660, 8662, 8663, 8666, 8668, 8669, 8670, 8680, 8681, 8684, 8686, 8687, 8689, 8692, 8695, 8702, 8703, 8705, 8706, 8707, 8708, 8709, 8712, 8714, 8717, 8718, 8720, 8722, 8724, 8727, 8728, 8730, 8736, 8738, 8739, 8743, 8750, 8754, 8758, 8764, 8765, 8774, 8778, 8783, 8784, 8785, 8786, 8789, 8792, 8793, 8795, 8802, 8803, 8812, 8813, 8817, 8818, 8823, 8824, 8825, 8830, 8832, 8833, 8837, 8839, 8843, 8845, 8846, 8848, 8849, 8852, 8853, 8857, 8861, 8862, 8863, 8872, 8874, 8875, 8876, 8877, 8886, 8888, 8889, 8890, 8891, 8895, 8897, 8899, 8900, 8901, 8906, 8912, 8914, 8915, 8916, 8917, 8918, 8925, 8928, 8930, 8940, 8941, 8944, 8947, 8949, 8957, 8961, 8965, 8968, 8970, 8984, 8987, 8991, 8993, 8995, 8997, 8999, 9002, 9004, 9007, 9009, 9011, 9014, 9024, 9025, 9027, 9029, 9032, 9033, 9036, 9037, 9045, 9048, 9053, 9056, 9058, 9061, 9062, 9066, 9075, 9078, 9080, 9082, 9083, 9085, 9089, 9091, 9099, 9100, 9103, 9104, 9106, 9107, 9113, 9116, 9119, 9120, 9124, 9125, 9126, 9127, 9133, 9142, 9151, 9152, 9154, 9155, 9156, 9157, 9159, 9173, 9176, 9179, 9180, 9181, 9182, 9184, 9186, 9195, 9196, 9199, 9200, 9202, 9203, 9207, 9208, 9215, 9216, 9217, 9218, 9221, 9222, 9223, 9225, 9227, 9234, 9235, 9245, 9247, 9249, 9253, 9256, 9258, 9263, 9264, 9265, 9269, 9271, 9273, 9277, 9279, 9280, 9283, 9286, 9287, 9288, 9293, 9296, 9297, 9298, 9302, 9305, 9308, 9309, 9314, 9316, 9317, 9322, 9325, 9338, 9339, 9342, 9346, 9351, 9352, 9354, 9356, 9362, 9370, 9371, 9375, 9378, 9379, 9380, 9382, 9386, 9387, 9389, 9391, 9396, 9398, 9399, 9402, 9405, 9407, 9417, 9419, 9422, 9423, 9425, 9427, 9430, 9435, 9436, 9438, 9439, 9445, 9448, 9450, 9456, 9461, 9463, 9466, 9469, 9470, 9471, 9475, 9476, 9478, 9482, 9483, 9485, 9487, 9493, 9496, 9509, 9510, 9513, 9518, 9522, 9525, 9527, 9529, 9531, 9533, 9535, 9542, 9547, 9549, 9560, 9571, 9572, 9573, 9576, 9582, 9586, 9587, 9588, 9590, 9591, 9595, 9596, 9597, 9598, 9606, 9607, 9608, 9609, 9617, 9618, 9619, 9620, 9621, 9623, 9624, 9627, 9629, 9635, 9639, 9643, 9644, 9651, 9653, 9655, 9661, 9663, 9664, 9670, 9681, 9682, 9688, 9689, 9695, 9696, 9698, 9699, 9701, 9707, 9708, 9710, 9712, 9713, 9716, 9717, 9718, 9727, 9729, 9733, 9734, 9735, 9737, 9738, 9739, 9740, 9743, 9745, 9747, 9750, 9756, 9766, 9774, 9775, 9776, 9777, 9779, 9782, 9783, 9786, 9787, 9788, 9790, 9791, 9794, 9797, 9799, 9801, 9802, 9804, 9807, 9809, 9810, 9814, 9816, 9818, 9819, 9822, 9828, 9830, 9832, 9833, 9834, 9835, 9841, 9844, 9849, 9852, 9854, 9860, 9863, 9865, 9868, 9869, 9870, 9871, 9873, 9876, 9877, 9878, 9879, 9881, 9884, 9887, 9888, 9889, 9891, 9892, 9900, 9901, 9904, 9905, 9906, 9907, 9911, 9912, 9914, 9917, 9923, 9926, 9930, 9939, 9945, 9948, 9952, 9960, 9962, 9964, 9966, 9969, 9971, 9973, 9974, 9975, 9978, 9980, 9983, 9984, 9989, 9990, 9991, 9992, 9994, 9999, 10001, 10003, 10005, 10013, 10018, 10022, 10024, 10025, 10026, 10029, 10030, 10033, 10034, 10038, 10041, 10045, 10047, 10049, 10051, 10058, 10060, 10063, 10065, 10066, 10069, 10075, 10076, 10080, 10096, 10099, 10104, 10106, 10108, 10110, 10113, 10117, 10118, 10120, 10121, 10122, 10124, 10125, 10130, 10133, 10134, 10137, 10138, 10140, 10142, 10143, 10144, 10145, 10149, 10150, 10158, 10160, 10165, 10168, 10171, 10173, 10174, 10179, 10181, 10184, 10185, 10187, 10189, 10190, 10192, 10193, 10197, 10201, 10204, 10208, 10209, 10211, 10219, 10224, 10226, 10233, 10238, 10239, 10242, 10244, 10245, 10249, 10250, 10253, 10263, 10264, 10270, 10272, 10273, 10276, 10280, 10282, 10283, 10287, 10288, 10289, 10295, 10296, 10300, 10302, 10304, 10310, 10314, 10315, 10320, 10321, 10322, 10324, 10325, 10326, 10328, 10331, 10334, 10341, 10349, 10352, 10353, 10354, 10355, 10360, 10363, 10365, 10371, 10379, 10380, 10382, 10389, 10390, 10391, 10393, 10396, 10397, 10403, 10404, 10409, 10410, 10411, 10412, 10414, 10419, 10422, 10423, 10430, 10433, 10439, 10442, 10443, 10448, 10450, 10453, 10454, 10455, 10458, 10460, 10462, 10464, 10465, 10466, 10471, 10472, 10473, 10475, 10476, 10477, 10479, 10482, 10486, 10489, 10490, 10491, 10493, 10501, 10508, 10509, 10517, 10520, 10521, 10524, 10527, 10529, 10530, 10540, 10542, 10543, 10546, 10549, 10551, 10558, 10560, 10564, 10565, 10570, 10575, 10581, 10583, 10585, 10590, 10594, 10598, 10600, 10603, 10615, 10617, 10618, 10621, 10622, 10623, 10625, 10627, 10630, 10634, 10638, 10639, 10641, 10642, 10645, 10652, 10653, 10655, 10663, 10671, 10674, 10678, 10681, 10685, 10687, 10692, 10693, 10697, 10699, 10703, 10705, 10707, 10708, 10711, 10715, 10716, 10719, 10721, 10723, 10724, 10725, 10726, 10727, 10732, 10735, 10736, 10739, 10742, 10745, 10749, 10753, 10754, 10757, 10761, 10762, 10767, 10768, 10770, 10771, 10773, 10778, 10780, 10781, 10782, 10784, 10787, 10788, 10789, 10790, 10795, 10797, 10802, 10804, 10807, 10810, 10811, 10816, 10817, 10821, 10822, 10825, 10827, 10831, 10832, 10833, 10834, 10837, 10840, 10842, 10850, 10855, 10859, 10861, 10862, 10864, 10866, 10867, 10872, 10874, 10876, 10877, 10878, 10884, 10887, 10890, 10891, 10894, 10895, 10898, 10899, 10901, 10903, 10904, 10911, 10915, 10916, 10917, 10918, 10921, 10922, 10923, 10927, 10928, 10929, 10931, 10933, 10934, 10938, 10939, 10941, 10946, 10947, 10952, 10957, 10959, 10962, 10963, 10964, 10965, 10967, 10969, 10970, 10972, 10973, 10974, 10977, 10980, 10986, 10987, 10988, 10989, 10990, 10993, 10998, 10999, 11001, 11002, 11004, 11010, 11011, 11012, 11014, 11021, 11023, 11024, 11029, 11030, 11031, 11034, 11046, 11047, 11048, 11049, 11052, 11053, 11054, 11056, 11058, 11064, 11065, 11066, 11068, 11069, 11070, 11071, 11073, 11074, 11076, 11079, 11086, 11096, 11099, 11103, 11106, 11107, 11109, 11111, 11112, 11116, 11119, 11120, 11121, 11123, 11124, 11128, 11129, 11130, 11132, 11133, 11141, 11148, 11149, 11153, 11154, 11158, 11161, 11163, 11167, 11170, 11171, 11175, 11176, 11177, 11184, 11188, 11194, 11198, 11201, 11202, 11203, 11212, 11219, 11221, 11224, 11226, 11227, 11228, 11229, 11230, 11231, 11232, 11235, 11242, 11244, 11247, 11251, 11253, 11257, 11259, 11260, 11266, 11270, 11272, 11276, 11281, 11282, 11283, 11284, 11285, 11287, 11292, 11296, 11298, 11299, 11304, 11305, 11307, 11308, 11311, 11313, 11317, 11318, 11323, 11330, 11333, 11341, 11342, 11346, 11351, 11352, 11353, 11356, 11363, 11367, 11368, 11374, 11376, 11384, 11385, 11387, 11393, 11394, 11396, 11397, 11399, 11401, 11402, 11403, 11404, 11419, 11420, 11421, 11423, 11424, 11425, 11426, 11431, 11435, 11437, 11438, 11455, 11459, 11461, 11465, 11466, 11467, 11469, 11473, 11474, 11476, 11478, 11480, 11486, 11487, 11493, 11498, 11503, 11506, 11507, 11517, 11519, 11520, 11527, 11528, 11534, 11538, 11539, 11541, 11545, 11546, 11548, 11550, 11565, 11566, 11568, 11569, 11570, 11573, 11579, 11584, 11585, 11586, 11589, 11590, 11591, 11593, 11594, 11598, 11599, 11601, 11602, 11603, 11609, 11613, 11614, 11615, 11617, 11626, 11631, 11633, 11640, 11641, 11645, 11652, 11653, 11654, 11656, 11658, 11661, 11663, 11665, 11666, 11668, 11671, 11672, 11673, 11680, 11681, 11682, 11684, 11688, 11691, 11693, 11695, 11698, 11699, 11702, 11703, 11704, 11709, 11710, 11713, 11718, 11720, 11723, 11724, 11726, 11734, 11737, 11739, 11740, 11742, 11745, 11747, 11748, 11751, 11756, 11757, 11758, 11760, 11766, 11767, 11768, 11770, 11773, 11775, 11779, 11781, 11783, 11784, 11785, 11792, 11793, 11794, 11795, 11801, 11802, 11806, 11807, 11809, 11811, 11812, 11814, 11825, 11827, 11828, 11830, 11832, 11833, 11835, 11838, 11840, 11846, 11848, 11849, 11850, 11852, 11854, 11855, 11856, 11861, 11862, 11866, 11867, 11870, 11873, 11874, 11875, 11876, 11877, 11878, 11879, 11886, 11887, 11890, 11896, 11898, 11900, 11904, 11905, 11906, 11907, 11909, 11910, 11911, 11913, 11914, 11919, 11921, 11923, 11925, 11926, 11929, 11930, 11935, 11936, 11939, 11945, 11954, 11955, 11960, 11962, 11965, 11971, 11972, 11974, 11980, 11986, 11991, 11993, 11999, 12000, 12004, 12006, 12016, 12017, 12019, 12021, 12023, 12024, 12028, 12029, 12035, 12037, 12038, 12039, 12040, 12042, 12043, 12046, 12056, 12058, 12062, 12064, 12068, 12069, 12072, 12073, 12079, 12081, 12082, 12083, 12084, 12086, 12088, 12093, 12095, 12098, 12101, 12105, 12107, 12108, 12112, 12113, 12116, 12117, 12118, 12121, 12125, 12126, 12128, 12130, 12132, 12134, 12136, 12137, 12138, 12140, 12141, 12142, 12143, 12148, 12154, 12156, 12157, 12158, 12159, 12165, 12167, 12172, 12174, 12177, 12180, 12182, 12183, 12184, 12185, 12193, 12195, 12198, 12199, 12200, 12202, 12203, 12204, 12207, 12209, 12211, 12213, 12218, 12219, 12220, 12227, 12229, 12231, 12232, 12235, 12238, 12240, 12241, 12242, 12244, 12247, 12249, 12250, 12254, 12258, 12262, 12264, 12266, 12270, 12272, 12276, 12277, 12279, 12280, 12281, 12284, 12286, 12288, 12291, 12293, 12294, 12295, 12297, 12298, 12301, 12305, 12306, 12307, 12314, 12321, 12322, 12323, 12325, 12326, 12328, 12329, 12334, 12335, 12339, 12340, 12341, 12342, 12343, 12351, 12360, 12361, 12365, 12370, 12371, 12372, 12383, 12385, 12386, 12387, 12388, 12390, 12393, 12394, 12399, 12400, 12401, 12402, 12408, 12411, 12416, 12417, 12420, 12421, 12424, 12425, 12427, 12429, 12430, 12431, 12432, 12435, 12437, 12439, 12444, 12445, 12451, 12459, 12465, 12466, 12468, 12475, 12476, 12480, 12483, 12484, 12486, 12487, 12488, 12493, 12494, 12495, 12496, 12501, 12503, 12506, 12511, 12518, 12523, 12524, 12526, 12527, 12531, 12533, 12535, 12536, 12540, 12544, 12548, 12550, 12554, 12557, 12559, 12563, 12566, 12567, 12577, 12580, 12581, 12584, 12585, 12586, 12591, 12596, 12598, 12599, 12601, 12603, 12606, 12615, 12617, 12618, 12621, 12624, 12628, 12632, 12634, 12635, 12636, 12637, 12638, 12641, 12642, 12646, 12650, 12651, 12654, 12656, 12657, 12662, 12663, 12664, 12668, 12671, 12672, 12674, 12678, 12680, 12682, 12692, 12693, 12694, 12696, 12697, 12699, 12701, 12703, 12708, 12711, 12712, 12715, 12718, 12724, 12727, 12731, 12734, 12735, 12736, 12737, 12739, 12743, 12745, 12748, 12749, 12751, 12755, 12762, 12770, 12772, 12783, 12787, 12790, 12792, 12793, 12796, 12798, 12803, 12805, 12810, 12812, 12813, 12814, 12815, 12816, 12820, 12822, 12823, 12827, 12830, 12832, 12846, 12849, 12854, 12863, 12867, 12868, 12873, 12877, 12878, 12879, 12884, 12887, 12892, 12898, 12901, 12904, 12905, 12907, 12915, 12916, 12918, 12919, 12922, 12924, 12926, 12929, 12931, 12934, 12939, 12942, 12943, 12944, 12946, 12947, 12949, 12950, 12952, 12953, 12957, 12959, 12960, 12962, 12964, 12965, 12967, 12968, 12978, 12981, 12982, 12984, 12986, 12992, 12996, 12998, 12999, 13000, 13002, 13003, 13005, 13009, 13014, 13018, 13019, 13020, 13021, 13024, 13025, 13029, 13031, 13032, 13035, 13038, 13039, 13042, 13043, 13048, 13049, 13050, 13052, 13055, 13058, 13062, 13063, 13064, 13066, 13067, 13071, 13072, 13080, 13081, 13082, 13087, 13088, 13091, 13095, 13096, 13097, 13098, 13100, 13102, 13104, 13106, 13107, 13108, 13110, 13111, 13112, 13113, 13115, 13116, 13122, 13132, 13134, 13136, 13142, 13150, 13152, 13156, 13158, 13159, 13160, 13162, 13170, 13172, 13173, 13174, 13175, 13176, 13179, 13180, 13182, 13183, 13184, 13188, 13191, 13193, 13195, 13198, 13199, 13201, 13202, 13204, 13206, 13212, 13219, 13222, 13224, 13226, 13228, 13229, 13233, 13242, 13245, 13246, 13252, 13255, 13256, 13258, 13260, 13262, 13264, 13268, 13270, 13271, 13274, 13276, 13281, 13282, 13283, 13286, 13288, 13291, 13292, 13294, 13298, 13303, 13304, 13305, 13306, 13312, 13314, 13320, 13328, 13329, 13330, 13334, 13336, 13337, 13340, 13341, 13342, 13347, 13348, 13349, 13352, 13355, 13361, 13365, 13366, 13368, 13374, 13378, 13379, 13380, 13382, 13389, 13391, 13392, 13393, 13394, 13397, 13402, 13407, 13409, 13410, 13417, 13418, 13420, 13423, 13425, 13426, 13427, 13437, 13440, 13442, 13445, 13446, 13447, 13449, 13450, 13453, 13455, 13457, 13460, 13461, 13463, 13464, 13465, 13466, 13468, 13470, 13474, 13475, 13479, 13481, 13482, 13483, 13484, 13486, 13487, 13492, 13494, 13499, 13502, 13513, 13517, 13518, 13520, 13524, 13525, 13527, 13531, 13532, 13533, 13534, 13535, 13536, 13537, 13538, 13539, 13540, 13543, 13547, 13550, 13552, 13557, 13558, 13559, 13560, 13565, 13566, 13568, 13569, 13570, 13571, 13575, 13579, 13580, 13581, 13583, 13584, 13587, 13589, 13590, 13593, 13596, 13600, 13603, 13604, 13607, 13608, 13613, 13615, 13616, 13618, 13619, 13620, 13623, 13625, 13626, 13631, 13632, 13637, 13638, 13639, 13643, 13645, 13649, 13650, 13652, 13653, 13657, 13660, 13661, 13663, 13665, 13666, 13672, 13678, 13683, 13685, 13688, 13690, 13692, 13693, 13694, 13695, 13697, 13700, 13702, 13703, 13707, 13708, 13709, 13711, 13712, 13714, 13722, 13727, 13730, 13735, 13737, 13741, 13743, 13745, 13746, 13747, 13748, 13752, 13755, 13756, 13765, 13767, 13769, 13776, 13785, 13787, 13791, 13796, 13802, 13809, 13812, 13816, 13818, 13820, 13822, 13825, 13830, 13833, 13838, 13839, 13847, 13850, 13854, 13855, 13859, 13862, 13864, 13866, 13871, 13874, 13875, 13879, 13880, 13881, 13883, 13886, 13887, 13889, 13893, 13894, 13895, 13896, 13898, 13899, 13901, 13904, 13906, 13907, 13909, 13910, 13912, 13913, 13917, 13919, 13920, 13923, 13929, 13931, 13937, 13938, 13940, 13944, 13947, 13948, 13949, 13957, 13960, 13963, 13964, 13966, 13967, 13969, 13974, 13975, 13984, 13987, 13995, 14005, 14008, 14011, 14013, 14015, 14017, 14019, 14022, 14025, 14026, 14029, 14031, 14039, 14040, 14041, 14042, 14043, 14045, 14047, 14048, 14058, 14063, 14064, 14065, 14070, 14075, 14076, 14079, 14080, 14087, 14088, 14091, 14092, 14093, 14094, 14099, 14102, 14103, 14105, 14111, 14119, 14129, 14131, 14137, 14143, 14144, 14145, 14148, 14152, 14154, 14155, 14156, 14163, 14164, 14168, 14172, 14173, 14177, 14178, 14179, 14185, 14186, 14194, 14200, 14206, 14210, 14213, 14214, 14215, 14218, 14219, 14223, 14224, 14225, 14229, 14234, 14236, 14237, 14239, 14242, 14244, 14246, 14251, 14254, 14256, 14261, 14262, 14264, 14266, 14268, 14269, 14270, 14271, 14272, 14273, 14275, 14277, 14278, 14281, 14282, 14283, 14286, 14292, 14297, 14298, 14299, 14301, 14305, 14306, 14307, 14308, 14309, 14311, 14313, 14314, 14316, 14321, 14322, 14325, 14327, 14330, 14333, 14334, 14337, 14342, 14343, 14344, 14345, 14347, 14349, 14353, 14356, 14359, 14363, 14366, 14368, 14375, 14378, 14379, 14381, 14383, 14387, 14388, 14390, 14392, 14393, 14396, 14401, 14403, 14404, 14406, 14408, 14409, 14416, 14420, 14421, 14423, 14425, 14426, 14427, 14429, 14435, 14436, 14438, 14439, 14445, 14447, 14448, 14453, 14456, 14458, 14460, 14463, 14464, 14465, 14469, 14472, 14475, 14479, 14480, 14481, 14482, 14484, 14485, 14487, 14489, 14492, 14494, 14496, 14500, 14502, 14504, 14507, 14513, 14516, 14526, 14533, 14535, 14539, 14543, 14550, 14552, 14554, 14556, 14564, 14566, 14569, 14571, 14576, 14578, 14585, 14587, 14590, 14591, 14595, 14599, 14601, 14602, 14604, 14606, 14610, 14611, 14612, 14614, 14616, 14626, 14628, 14630, 14633, 14636, 14638, 14641, 14642, 14645, 14647, 14650, 14656, 14660, 14661, 14662, 14663, 14665, 14671, 14674, 14676, 14682, 14683, 14687, 14689, 14694, 14695, 14696, 14703, 14709, 14715, 14716, 14724, 14726, 14729, 14733, 14734, 14739, 14740, 14741, 14744, 14761, 14767, 14768, 14772, 14778, 14782, 14785, 14786, 14788, 14796, 14797, 14798, 14802, 14805, 14806, 14807, 14808, 14814, 14820, 14821, 14823, 14824, 14832, 14836, 14838, 14847, 14849, 14850, 14852, 14853, 14864, 14866, 14871, 14872, 14873, 14879, 14882, 14883, 14884, 14886, 14888, 14894, 14903, 14906, 14907, 14910, 14911, 14913, 14914, 14920, 14921, 14924, 14926, 14927, 14928, 14931, 14936, 14941, 14943, 14945, 14952, 14955, 14960, 14964, 14967, 14968, 14971, 14972, 14973, 14977, 14981, 14983, 14984, 14987, 14990, 14994, 14995, 14996, 15006, 15018, 15020, 15027, 15031, 15034, 15035, 15036, 15042, 15043, 15050, 15051, 15054, 15056, 15057, 15058, 15060, 15063, 15064, 15065, 15067, 15070, 15072, 15076, 15079, 15080, 15083, 15084, 15089, 15090, 15091, 15095, 15097, 15100, 15101, 15102, 15103, 15104, 15111, 15116, 15117, 15119, 15120, 15125, 15128, 15133, 15135, 15136, 15139, 15140, 15141, 15143, 15144, 15145, 15146, 15149, 15150, 15152, 15154, 15160, 15162, 15166, 15168, 15169, 15171, 15174, 15178, 15181, 15195, 15199, 15203, 15204, 15206, 15211, 15216, 15217, 15234, 15236, 15237, 15238, 15240, 15242, 15243, 15244, 15247, 15249, 15251, 15256, 15257, 15259, 15261, 15264, 15266, 15267, 15275, 15278, 15280, 15287, 15289, 15290, 15291, 15292, 15298, 15299, 15301, 15302, 15303, 15305, 15312, 15316, 15320, 15324, 15325, 15326, 15327, 15328, 15334, 15335, 15336, 15338, 15346, 15352, 15354, 15355, 15361, 15362, 15365, 15366, 15370, 15372, 15375, 15376, 15377, 15378, 15379, 15380, 15383, 15386, 15388, 15389, 15393, 15394, 15399, 15400, 15403, 15409, 15411, 15413, 15414, 15417, 15427, 15434, 15436, 15437, 15440, 15442, 15444, 15451, 15452, 15453, 15455, 15459, 15462, 15464, 15466, 15467, 15473, 15474, 15477, 15478, 15482, 15483, 15484, 15487, 15497, 15504, 15508, 15509, 15510, 15511, 15513, 15517, 15520, 15525, 15529, 15531, 15535, 15540, 15547, 15549, 15554, 15559, 15562, 15563, 15564, 15570, 15574, 15575, 15577, 15578, 15586, 15595, 15598, 15600, 15601, 15602, 15604, 15607, 15608, 15609, 15611, 15613, 15614, 15623, 15628, 15630, 15631, 15632, 15633, 15636, 15637, 15638, 15639, 15644, 15651, 15654, 15655, 15659, 15660, 15661, 15664, 15665, 15667, 15668, 15670, 15673, 15674, 15677, 15679, 15682, 15688, 15691, 15698, 15699, 15703, 15704, 15714, 15716, 15717, 15720, 15724, 15726, 15728, 15729, 15738, 15741, 15743, 15745, 15750, 15756, 15759, 15760, 15762, 15767, 15768, 15769, 15774, 15775, 15778, 15784, 15790, 15791, 15792, 15795, 15798, 15799, 15800, 15806, 15809, 15812, 15816, 15819, 15821, 15826, 15827, 15828, 15831, 15832, 15834, 15835, 15838, 15841, 15845, 15847, 15848, 15849, 15854, 15855, 15873, 15874, 15877, 15878, 15883, 15884, 15886, 15890, 15891, 15900, 15902, 15915, 15926, 15927, 15936, 15938, 15940, 15944, 15947, 15949, 15950, 15953, 15956, 15959, 15961, 15964, 15965, 15966, 15968, 15969, 15972, 15975, 15977, 15978, 15979, 15980, 15981, 15983, 15984, 15985, 15995, 15998, 16000, 16006, 16010, 16011, 16014, 16016, 16018, 16022, 16028, 16031, 16037, 16040, 16043, 16046, 16047, 16048, 16051, 16052, 16059, 16060, 16064, 16067, 16071, 16074, 16076, 16078, 16082, 16083, 16084, 16087, 16091, 16096, 16100, 16101, 16103, 16107, 16108, 16110, 16111, 16113, 16119, 16120, 16122, 16127, 16129, 16132, 16134, 16144, 16146, 16148, 16152, 16155, 16156, 16161, 16166, 16167, 16170, 16172, 16175, 16177, 16178, 16180, 16181, 16182, 16183, 16187, 16188, 16189, 16199, 16201, 16204, 16206, 16214, 16215, 16220, 16222, 16223, 16224, 16225, 16227, 16228, 16230, 16233, 16246, 16248, 16249, 16252, 16254, 16255, 16256, 16257, 16259, 16260, 16261, 16264, 16271, 16272, 16273, 16278, 16279, 16282, 16287, 16289, 16293, 16295, 16297, 16298, 16299, 16301, 16302, 16303, 16316, 16319, 16320, 16325, 16330, 16331, 16335, 16336, 16340, 16342, 16345, 16348, 16352, 16353, 16354, 16361, 16366, 16368, 16370, 16371, 16373, 16375, 16380, 16391, 16392, 16394, 16396, 16405, 16406, 16409, 16418, 16423, 16425, 16429, 16435, 16436, 16439, 16441, 16444, 16446, 16458, 16461, 16462, 16464, 16465, 16468, 16471, 16474, 16475, 16477, 16478, 16482, 16490, 16491, 16496, 16499, 16501, 16502, 16503, 16508, 16510, 16511, 16512, 16515, 16519, 16523, 16526, 16527, 16530, 16531, 16535, 16536, 16539, 16540, 16541, 16544, 16547, 16548, 16553, 16556, 16560, 16563, 16566, 16567, 16579, 16581, 16583, 16589, 16592, 16593, 16597, 16600, 16601, 16603, 16606, 16608, 16609, 16610, 16611, 16614, 16617, 16620, 16627, 16629, 16630, 16633, 16634, 16637, 16638, 16642, 16647, 16649, 16654, 16657, 16660, 16663, 16667, 16669, 16671, 16672, 16673, 16675, 16676, 16681, 16683, 16688, 16689, 16690, 16694, 16696, 16699, 16700, 16703, 16704, 16709, 16711, 16715, 16717, 16723, 16727, 16729, 16730, 16731, 16738, 16739, 16744, 16745, 16746, 16748, 16751, 16766, 16771, 16773, 16774, 16776, 16777, 16778, 16780, 16782, 16783, 16784, 16792, 16793, 16795, 16796, 16799, 16810, 16820, 16821, 16825, 16826, 16827, 16828, 16829, 16832, 16833, 16835, 16836, 16837, 16838, 16841, 16843, 16844, 16846, 16847, 16848, 16849, 16850, 16853, 16854, 16860, 16862, 16868, 16872, 16876, 16878, 16883, 16889, 16890, 16895, 16906, 16908, 16914, 16918, 16921, 16922, 16924, 16928, 16929, 16930, 16931, 16932, 16935, 16936, 16937, 16939, 16944, 16947, 16949, 16951, 16953, 16956, 16957, 16964, 16967, 16970, 16971, 16972, 16975, 16976, 16983, 16987, 16990, 16991, 16992, 16993, 16995, 16996, 17005, 17006, 17007, 17010, 17017, 17021, 17026, 17030, 17031, 17032, 17033, 17044, 17047, 17060, 17063, 17064, 17072, 17089, 17090, 17094, 17100, 17103, 17110, 17111, 17112, 17113, 17114, 17117, 17118, 17123, 17124, 17125, 17130, 17132, 17135, 17136, 17140, 17142, 17143, 17147, 17150, 17152, 17157, 17160, 17161, 17163, 17164, 17166, 17170, 17172, 17174, 17175, 17178, 17179, 17182, 17184, 17185, 17189, 17191, 17192, 17198, 17199, 17202, 17205, 17211, 17212, 17214, 17215, 17217, 17218, 17222, 17227, 17230, 17233, 17235, 17236, 17237, 17238, 17240, 17242, 17244, 17249, 17262, 17276, 17277, 17282, 17283, 17285, 17286, 17294, 17298, 17302, 17310, 17312, 17317, 17318, 17321, 17332, 17336, 17337, 17341, 17343, 17344, 17347, 17351, 17352, 17354, 17359, 17362, 17363, 17366, 17367, 17369, 17370, 17375, 17379, 17382, 17389, 17391, 17395, 17396, 17397, 17401, 17403, 17405, 17407, 17411, 17413, 17414, 17415, 17423, 17427, 17430, 17431, 17432, 17435, 17440, 17443, 17444, 17445, 17446, 17454, 17455, 17457, 17458, 17459, 17464, 17466, 17468, 17470, 17472, 17478, 17479, 17480, 17481, 17486, 17488, 17489, 17491, 17493, 17500, 17501, 17502, 17503, 17505, 17506, 17508, 17510, 17511, 17512, 17516, 17518, 17525, 17530, 17535, 17538, 17539, 17540, 17543, 17546, 17549, 17550, 17551, 17552, 17555, 17556, 17562, 17563, 17564, 17567, 17572, 17574, 17575, 17577, 17580, 17582, 17585, 17588, 17589, 17597, 17603, 17606, 17607, 17609, 17612, 17615, 17620, 17621, 17626, 17631, 17634, 17638, 17639, 17640, 17642, 17651, 17654, 17655, 17657, 17662, 17663, 17669, 17672, 17677, 17689, 17697, 17700, 17702, 17707, 17717, 17723, 17726, 17727, 17728, 17729, 17732, 17737, 17740, 17742, 17744, 17749, 17751, 17752, 17753, 17756, 17757, 17761, 17763, 17766, 17768, 17770, 17773, 17782, 17787, 17792, 17794, 17796, 17798, 17799, 17801, 17805, 17806, 17808, 17810, 17813, 17816, 17818, 17821, 17823, 17825, 17827, 17829, 17830, 17831, 17832, 17833, 17841, 17843, 17846, 17847, 17848, 17850, 17855, 17860, 17863, 17864, 17866, 17871, 17880, 17882, 17883, 17885, 17886, 17889, 17890, 17892, 17894, 17897, 17898, 17899, 17900, 17901, 17903, 17907, 17908, 17909, 17912, 17915, 17920, 17923, 17924, 17927, 17929, 17937, 17938, 17953, 17956, 17957, 17959, 17960, 17962, 17964, 17967, 17969, 17973, 17976, 17977, 17983, 17990, 17992, 17998, 18007, 18009, 18011, 18013, 18014, 18020, 18023, 18025, 18026, 18031, 18034, 18036, 18037, 18047, 18055, 18061, 18063, 18064, 18066, 18070, 18072, 18076, 18082, 18085, 18094, 18097, 18098, 18100, 18101, 18111, 18112, 18113, 18114, 18116, 18117, 18118, 18122, 18126, 18127, 18128, 18131, 18132, 18133, 18137, 18140, 18141, 18142, 18144, 18147, 18154, 18159, 18160, 18162, 18163, 18165, 18167, 18170, 18172, 18173, 18176, 18177, 18179, 18181, 18182, 18185, 18187, 18188, 18194, 18198, 18199, 18200, 18204, 18207, 18211, 18219, 18222, 18229, 18230, 18233, 18237, 18238, 18241, 18244, 18246, 18247, 18249, 18250, 18257, 18259, 18260, 18262, 18266, 18268, 18270, 18271, 18274, 18275, 18281, 18285, 18288, 18289, 18293, 18294, 18298, 18300, 18305, 18308, 18309, 18317, 18318, 18319, 18321, 18322, 18323, 18329, 18332, 18334, 18336, 18340, 18343, 18344, 18345, 18346, 18350, 18354, 18358, 18361, 18363, 18364, 18367, 18369, 18371, 18375, 18387, 18392, 18393, 18401, 18402, 18408, 18409, 18410, 18411, 18416, 18419, 18428, 18430, 18431, 18432, 18433, 18437, 18438, 18439, 18441, 18443, 18445, 18447, 18450, 18453, 18455, 18457, 18459, 18462, 18463, 18471, 18477, 18478, 18479, 18481, 18482, 18487, 18490, 18491, 18493, 18495, 18499, 18501, 18503, 18505, 18507, 18509, 18511, 18514, 18517, 18519, 18520, 18523, 18525, 18526, 18528, 18536, 18539, 18540, 18545, 18546, 18550, 18553, 18554, 18558, 18561, 18568, 18569, 18573, 18575, 18578, 18581, 18582, 18586, 18589, 18595, 18597, 18599, 18602, 18604, 18606, 18607, 18614, 18616, 18619, 18620, 18621, 18623, 18625, 18626, 18636, 18640, 18643, 18648, 18652, 18655, 18660, 18661, 18662, 18667, 18668, 18669, 18670, 18684, 18688, 18692, 18694, 18697, 18698, 18700, 18703, 18707, 18708, 18711, 18712, 18715, 18717, 18724, 18732, 18735, 18736, 18737, 18738, 18743, 18745, 18746, 18754, 18758, 18762, 18766, 18767, 18777, 18779, 18783, 18785, 18786, 18788, 18793, 18795, 18796, 18797, 18801, 18803, 18804, 18819, 18820, 18823, 18824, 18825, 18826, 18827, 18831, 18832, 18836, 18837, 18838, 18842, 18844, 18849, 18854, 18855, 18859, 18860, 18866, 18869, 18873, 18874, 18875, 18878, 18879, 18880, 18881, 18882, 18883, 18885, 18887, 18890, 18891, 18893, 18899, 18900, 18901, 18903, 18904, 18905, 18906, 18909, 18911, 18912, 18913, 18914, 18922, 18925, 18926, 18929, 18934, 18936, 18937, 18942, 18945, 18950, 18952, 18956, 18957, 18958, 18962, 18964, 18965, 18967, 18968, 18972, 18974, 18977, 18979, 18982, 18985, 18986, 18988, 18989, 18990, 18994, 18997, 19003, 19011, 19013, 19016, 19018, 19021, 19026, 19027, 19030, 19033, 19034, 19035, 19036, 19039, 19043, 19045, 19050, 19051, 19052, 19053, 19054, 19055, 19056, 19063, 19064, 19066, 19068, 19069, 19070, 19073, 19075, 19076, 19082, 19087, 19090, 19091, 19092, 19094, 19095, 19101, 19102, 19105, 19113, 19120, 19122, 19123, 19127, 19129, 19132, 19134, 19135, 19137, 19141, 19145, 19152, 19153, 19155, 19157, 19159, 19160, 19161, 19163, 19166, 19170, 19173, 19181, 19186, 19188, 19195, 19202, 19207, 19208, 19209, 19210, 19211, 19213, 19214, 19217, 19219, 19220, 19222, 19226, 19228, 19231, 19233, 19234, 19236, 19237, 19243, 19246, 19247, 19248, 19252, 19257, 19259, 19261, 19264, 19267, 19268, 19275, 19276, 19284, 19290, 19293, 19300, 19304, 19306, 19307, 19317, 19319, 19322, 19329, 19332, 19335, 19337, 19338, 19341, 19345, 19350, 19351, 19355, 19357, 19359, 19361, 19363, 19367, 19368, 19369, 19371, 19372, 19376, 19382, 19386, 19387, 19389, 19390, 19392, 19398, 19399, 19400, 19402, 19406, 19410, 19412, 19415, 19418, 19423, 19426, 19432, 19435, 19437, 19438, 19442, 19444, 19445, 19447, 19453, 19454, 19456, 19457, 19462, 19468, 19469, 19472, 19479, 19481, 19482, 19487, 19489, 19492, 19497, 19501, 19504, 19509, 19510, 19511, 19512, 19513, 19514, 19517, 19518, 19520, 19521, 19524, 19525, 19534, 19535, 19542, 19544, 19545, 19546, 19547, 19551, 19552, 19554, 19557, 19564, 19565, 19566, 19569, 19570, 19571, 19572, 19577, 19586, 19591, 19597, 19599, 19602, 19603, 19610, 19612, 19617, 19625, 19626, 19628, 19633, 19634, 19638, 19640, 19642, 19645, 19647, 19648, 19649, 19650, 19651, 19655, 19658, 19663, 19666, 19667, 19668, 19670, 19672, 19674, 19675, 19676, 19677, 19678, 19682, 19686, 19687, 19692, 19694, 19695, 19699, 19701, 19702, 19703, 19704, 19707, 19710, 19717, 19718, 19719, 19722, 19723, 19728, 19729, 19732, 19734, 19735, 19738, 19740, 19742, 19747, 19750, 19753, 19754, 19755, 19756, 19757, 19758, 19761, 19762, 19763, 19764, 19766, 19768, 19769, 19770, 19772, 19777, 19779, 19780, 19781, 19782, 19783, 19789, 19792, 19793, 19799, 19809, 19813, 19819, 19820, 19821, 19826, 19828, 19831, 19836, 19839, 19840, 19841, 19849, 19853, 19859, 19861, 19866, 19870, 19873, 19883, 19885, 19888, 19891, 19894, 19898, 19899, 19901, 19904, 19906, 19907, 19908, 19911, 19915, 19921, 19922, 19923, 19928, 19933, 19939, 19941, 19947, 19949, 19952, 19954, 19955, 19957, 19959, 19960, 19961, 19962, 19964, 19967, 19969, 19971, 19972, 19976, 19977, 19980, 19984, 19987, 19995, 19996, 19998, 20003, 20006, 20008, 20010, 20011, 20012, 20013, 20015, 20018, 20020, 20022, 20025, 20030, 20031, 20036, 20037, 20039, 20040, 20041, 20046, 20047, 20048, 20052, 20055, 20056, 20058, 20059, 20060, 20065, 20066, 20069, 20070, 20081, 20083, 20086, 20099, 20101, 20103, 20105, 20106, 20109, 20111, 20112, 20116, 20117, 20118, 20124, 20125, 20129, 20130, 20133, 20134, 20135, 20136, 20138, 20140, 20141, 20143, 20144, 20147, 20150, 20151, 20154, 20158, 20160, 20169, 20171, 20174, 20175, 20177, 20178, 20182, 20183, 20191, 20192, 20194, 20199, 20200, 20201, 20202, 20204, 20206, 20208, 20209, 20210, 20211, 20217, 20218, 20220, 20222, 20223, 20225, 20229, 20233, 20236, 20241, 20249, 20250, 20251, 20252, 20257, 20266, 20267, 20268, 20272, 20278, 20280, 20281, 20282, 20284, 20285, 20286, 20288, 20291, 20292, 20296, 20297, 20299, 20300, 20301, 20304, 20305, 20306, 20310, 20316, 20317, 20319, 20320, 20323, 20326, 20336, 20338, 20341, 20343, 20344, 20345, 20347, 20348, 20349, 20350, 20351, 20356, 20372, 20385, 20386, 20387, 20390, 20392, 20394, 20395, 20396, 20397, 20398, 20400, 20403, 20404, 20407, 20417, 20420, 20424, 20427, 20429, 20430, 20431, 20432, 20433, 20434, 20438, 20439, 20440, 20443, 20444, 20449, 20451, 20453, 20455, 20457, 20460, 20462, 20463, 20464, 20465, 20466, 20475, 20480, 20481, 20482, 20483, 20484, 20487, 20488, 20489, 20490, 20491, 20494, 20501, 20505, 20508, 20509, 20511, 20531, 20532, 20535, 20536, 20540, 20541, 20542, 20545, 20546, 20549, 20552, 20555, 20559, 20560, 20563, 20564, 20565, 20567, 20568, 20569, 20571, 20579, 20582, 20583, 20584, 20587, 20588, 20592, 20597, 20603, 20609, 20610, 20611, 20612, 20613, 20616, 20618, 20621, 20622, 20628, 20632, 20636, 20643, 20644, 20645, 20647, 20648, 20650, 20655, 20661, 20665, 20666, 20671, 20675, 20677, 20678, 20679, 20680, 20681, 20682, 20690, 20698, 20705, 20712, 20713, 20716, 20717, 20720, 20722, 20723, 20725, 20727, 20728, 20729, 20730, 20733, 20736, 20737, 20739, 20741, 20745, 20746, 20748, 20754, 20757, 20758, 20762, 20767, 20775, 20776, 20784, 20785, 20786, 20790, 20792, 20793, 20797, 20800, 20802, 20803, 20805, 20810, 20813, 20814, 20823, 20826, 20830, 20832, 20836, 20838, 20840, 20842, 20844, 20846, 20848, 20850, 20853, 20857, 20858, 20862, 20864, 20871, 20873, 20878, 20879, 20882, 20883, 20885, 20890, 20892, 20893, 20902, 20903, 20904, 20906, 20907, 20909, 20912, 20915, 20916, 20925, 20929, 20932, 20934, 20941, 20942, 20946, 20947, 20949, 20952, 20954, 20960, 20962, 20965, 20967, 20968, 20972, 20973, 20976, 20978, 20981, 20984, 20994, 21004, 21005, 21007, 21009, 21010, 21012, 21016, 21019, 21020, 21022, 21026, 21028, 21030, 21033, 21034, 21036, 21042, 21048, 21049, 21050, 21052, 21054, 21055, 21060, 21061, 21062, 21065, 21069, 21071, 21079, 21082, 21083, 21085, 21086, 21088, 21089, 21091, 21092, 21093, 21095, 21096, 21097, 21098, 21099, 21100, 21101, 21102, 21105, 21106, 21107, 21112, 21115, 21121, 21123, 21126, 21127, 21133, 21145, 21146, 21148, 21149, 21150, 21151, 21152, 21156, 21164, 21165, 21170, 21171, 21172, 21173, 21174, 21177, 21182, 21183, 21186, 21192, 21197, 21202, 21205, 21206, 21208, 21209, 21210, 21211, 21212, 21216, 21218, 21219, 21232, 21237, 21238, 21241, 21243, 21249, 21251, 21253, 21255, 21256, 21259, 21262, 21264, 21266, 21269, 21272, 21274, 21278, 21280, 21284, 21285, 21289, 21291, 21292, 21294, 21295, 21297, 21300, 21301, 21304, 21306, 21309, 21310, 21314, 21315, 21316, 21317, 21318, 21324, 21326, 21327, 21332, 21334, 21338, 21339, 21343, 21346, 21349, 21351, 21352, 21354, 21358, 21363, 21364, 21365, 21369, 21373, 21374, 21376, 21380, 21381, 21385, 21386, 21389, 21393, 21397, 21399, 21401, 21404, 21406, 21407, 21409, 21416, 21423, 21425, 21426, 21429, 21431, 21432, 21434, 21436, 21438, 21440, 21441, 21443, 21448, 21449, 21453, 21457, 21460, 21461, 21464, 21476, 21477, 21478, 21479, 21485, 21486, 21489, 21492, 21493, 21494, 21496, 21498, 21501, 21502, 21507, 21508, 21511, 21512, 21516, 21523, 21525, 21527, 21528, 21531, 21533, 21537, 21540, 21550, 21551, 21552, 21553, 21554, 21561, 21562, 21563, 21569, 21572, 21580, 21581, 21586, 21587, 21589, 21590, 21593, 21596, 21599, 21600, 21602, 21608, 21609, 21614, 21615, 21616, 21618, 21619, 21622, 21626, 21632, 21638, 21640, 21641, 21642, 21645, 21650, 21652, 21655, 21656, 21658, 21660, 21664, 21665, 21668, 21669, 21673, 21675, 21686, 21691, 21692, 21694, 21697, 21698, 21699, 21700, 21701, 21706, 21710, 21711, 21716, 21718, 21721, 21722, 21723, 21724, 21725, 21730, 21733, 21737, 21738, 21743, 21744, 21746, 21748, 21750, 21758, 21759, 21761, 21763, 21764, 21765, 21766, 21771, 21772, 21773, 21778, 21779, 21781, 21782, 21783, 21784, 21789, 21791, 21796, 21797, 21801, 21812, 21820, 21821, 21822, 21823, 21826, 21835, 21836, 21838, 21845, 21846, 21849, 21854, 21856, 21858, 21863, 21871, 21875, 21877, 21878, 21879, 21880, 21890, 21891, 21893, 21895, 21896, 21900, 21901, 21903, 21906, 21907, 21911, 21912, 21915, 21918, 21919, 21923, 21924, 21925, 21927, 21928, 21931, 21933, 21935, 21937, 21938, 21939, 21941, 21943, 21946, 21952, 21956, 21959, 21962, 21963, 21966, 21970, 21971, 21972, 21973, 21974, 21977, 21979, 21981, 21984, 21985, 21987, 21990, 21991, 21992, 21993, 21995, 21997, 22001, 22002, 22003, 22007, 22010, 22011, 22013, 22022, 22024, 22027, 22028, 22031, 22032, 22033, 22037, 22039, 22040, 22041, 22042, 22045, 22048, 22052, 22054, 22056, 22057, 22058, 22061, 22063, 22064, 22066, 22075, 22076, 22078, 22082, 22083, 22084, 22087, 22098, 22099, 22101, 22102, 22104, 22105, 22106, 22107, 22116, 22121, 22132, 22133, 22134, 22135, 22138, 22141, 22143, 22147, 22149, 22152, 22153, 22156, 22158, 22161, 22163, 22166, 22168, 22169, 22170, 22172, 22176, 22177, 22180, 22181, 22185, 22186, 22187, 22188, 22191, 22197, 22199, 22202, 22205, 22206, 22212, 22215, 22217, 22219, 22220, 22224, 22226, 22232, 22237, 22238, 22241, 22244, 22245, 22249, 22250, 22252, 22257, 22259, 22261, 22269, 22271, 22272, 22273, 22274, 22278, 22283, 22284, 22285, 22288, 22289, 22292, 22306, 22308, 22315, 22320, 22321, 22322, 22324, 22327, 22330, 22331, 22332, 22334, 22336, 22341, 22344, 22345, 22346, 22347, 22351, 22352, 22353, 22356, 22358, 22360, 22363, 22367, 22369, 22370, 22375, 22379, 22381, 22382, 22383, 22385, 22388, 22396, 22399, 22401, 22402, 22403, 22404, 22405, 22407, 22408, 22413, 22421, 22422, 22424, 22429, 22433, 22437, 22438, 22439, 22446, 22448, 22451, 22452, 22453, 22454, 22458, 22459, 22461, 22465, 22467, 22468, 22474, 22478, 22485, 22486, 22489, 22490, 22492, 22494, 22495, 22496, 22498, 22500, 22501, 22502, 22504, 22505, 22506, 22511, 22521, 22524, 22525, 22531, 22532, 22533, 22536, 22538, 22539, 22544, 22546, 22548, 22550, 22551, 22553, 22557, 22559, 22560, 22567, 22568, 22574, 22577, 22578, 22579, 22584, 22585, 22589, 22593, 22594, 22597, 22600, 22604, 22608, 22610, 22611, 22614, 22616, 22617, 22618, 22619, 22621, 22622, 22627, 22629, 22633, 22635, 22636, 22637, 22640, 22643, 22645, 22647, 22648, 22651, 22652, 22660, 22666, 22669, 22671, 22672, 22674, 22676, 22681, 22684, 22686, 22697, 22700, 22707, 22710, 22715, 22716, 22717, 22720, 22721, 22723, 22725, 22726, 22730, 22734, 22735, 22739, 22740, 22743, 22749, 22750, 22758, 22763, 22769, 22772, 22774, 22777, 22781, 22783, 22786, 22787, 22791, 22792, 22794, 22796, 22800, 22803, 22808, 22810, 22814, 22817, 22820, 22821, 22822, 22824, 22825, 22826, 22828, 22834, 22837, 22839, 22842, 22845, 22857, 22863, 22864, 22865, 22866, 22869, 22872, 22877, 22879, 22881, 22882, 22884, 22886, 22889, 22892, 22901, 22902, 22904, 22905, 22906, 22907, 22908, 22909, 22910, 22912, 22913, 22914, 22918, 22919, 22921, 22923, 22924, 22927, 22929, 22930, 22931, 22932, 22935, 22936, 22938, 22939, 22942, 22945, 22946, 22948, 22952, 22953, 22954, 22957, 22958, 22960, 22962, 22963, 22964, 22967, 22970, 22977, 22979, 22982, 22985, 22988, 22996, 22997, 22998, 23001, 23003, 23004, 23007, 23008, 23012, 23013, 23014, 23022, 23028, 23032, 23039, 23040, 23042, 23044, 23045, 23049, 23050, 23056, 23059, 23062, 23063, 23070, 23074, 23076, 23079, 23083, 23086, 23094, 23095, 23100, 23102, 23106, 23108, 23110, 23115, 23116, 23117, 23118, 23119, 23122, 23129, 23131, 23142, 23145, 23147, 23151, 23154, 23161, 23169, 23171, 23174, 23175, 23176, 23177, 23178, 23180, 23183, 23185, 23190, 23191, 23192, 23195, 23201, 23202, 23208, 23209, 23210, 23213, 23215, 23218, 23219, 23221, 23223, 23226, 23231, 23235, 23236, 23238, 23241, 23242, 23247, 23250, 23252, 23255, 23260, 23264, 23265, 23275, 23277, 23278, 23280, 23282, 23284, 23285, 23287, 23288, 23290, 23294, 23298, 23299, 23300, 23301, 23306, 23307, 23313, 23319, 23320, 23322, 23323, 23324, 23327, 23331, 23336, 23337, 23340, 23343, 23345, 23346, 23348, 23354, 23357, 23359, 23360, 23363, 23366, 23370, 23371, 23372, 23374, 23379, 23382, 23383, 23384, 23385, 23389, 23393, 23396, 23397, 23407, 23408, 23410, 23412, 23419, 23420, 23425, 23428, 23430, 23431, 23445, 23447, 23448, 23453, 23458, 23460, 23463, 23467, 23468, 23472, 23480, 23483, 23498, 23500, 23504, 23511, 23512, 23518, 23522, 23523, 23525, 23532, 23537, 23539, 23540, 23541, 23543, 23544, 23549, 23553, 23557, 23559, 23560, 23563, 23566, 23567, 23570, 23571, 23577, 23579, 23582, 23583, 23586, 23587, 23588, 23589, 23592, 23596, 23599, 23601, 23603, 23604, 23606, 23608, 23609, 23610, 23617, 23622, 23623, 23630, 23637, 23639, 23640, 23641, 23645, 23647, 23648, 23652, 23658, 23663, 23671, 23674, 23675, 23679, 23685, 23687, 23688, 23694, 23697, 23703, 23704, 23706, 23714, 23715, 23717, 23719, 23723, 23726, 23728, 23729, 23733, 23734, 23740, 23742, 23745, 23749, 23752, 23755, 23758, 23762, 23764, 23765, 23767, 23769, 23772, 23773, 23774, 23780, 23782, 23783, 23789, 23790, 23793, 23795, 23796, 23798, 23804, 23806, 23809, 23811, 23816, 23819, 23820, 23821, 23822, 23823, 23824, 23826, 23828, 23830, 23838, 23846, 23852, 23853, 23859, 23861, 23872, 23873, 23876, 23882, 23889, 23894, 23896, 23898, 23899, 23900, 23904, 23905, 23907, 23909, 23912, 23913, 23918, 23922, 23930, 23932, 23934, 23939, 23944, 23946, 23952, 23953, 23957, 23960, 23962, 23964, 23968, 23971, 23975, 23980, 23982, 23987, 23992, 23993, 23997, 23998, 23999, 24001, 24002, 24003, 24006, 24011, 24012, 24017, 24018, 24022, 24025, 24028, 24030, 24031, 24032, 24035, 24038, 24044, 24045, 24047, 24051, 24052, 24054, 24055, 24057, 24064, 24067, 24075, 24077, 24080, 24084, 24085, 24089, 24091, 24092, 24096, 24097, 24099, 24105, 24106, 24108, 24112, 24116, 24117, 24119, 24123, 24127, 24129, 24130, 24133, 24134, 24138, 24142, 24145, 24146, 24147, 24151, 24152, 24159, 24163, 24166, 24168, 24171, 24173, 24174, 24178, 24180, 24183, 24184, 24186, 24187, 24189, 24192, 24193, 24194, 24195, 24199, 24202, 24203, 24211, 24212, 24213, 24215, 24218, 24220, 24222, 24224, 24226, 24240, 24241, 24243, 24244, 24248, 24249, 24255, 24256, 24259, 24260, 24261, 24262, 24264, 24266, 24268, 24269, 24270, 24271, 24273, 24274, 24276, 24280, 24281, 24283, 24284, 24287, 24289, 24290, 24291, 24293, 24295, 24298, 24302, 24303, 24304, 24314, 24317, 24329, 24330, 24331, 24336, 24343, 24345, 24347, 24349, 24350, 24351, 24352, 24353, 24354, 24356, 24357, 24359, 24360, 24363, 24366, 24370, 24373, 24374, 24376, 24377, 24379, 24380, 24381, 24383, 24386, 24392, 24395, 24397, 24401, 24403, 24406, 24407, 24413, 24423, 24425, 24427, 24432, 24435, 24440, 24446, 24450, 24454, 24455, 24456, 24458, 24459, 24461, 24468, 24472, 24474, 24475, 24476, 24480, 24484, 24485, 24488, 24489, 24490, 24496, 24497, 24499, 24507, 24509, 24513, 24526, 24531, 24534, 24537, 24538, 24541, 24542, 24545, 24548, 24549, 24559, 24560, 24561, 24563, 24564, 24565, 24567, 24568, 24569, 24571, 24573, 24579, 24582, 24584, 24586, 24589, 24590, 24592, 24593, 24598, 24599, 24600, 24601, 24603, 24605, 24606, 24607, 24610, 24614, 24618, 24619, 24624, 24627, 24634, 24636, 24639, 24641, 24642, 24643, 24646, 24649, 24651, 24652, 24657, 24660, 24661, 24662, 24671, 24673, 24674, 24677, 24682, 24685, 24690, 24691, 24693, 24695, 24707, 24708, 24709, 24710, 24712, 24714, 24722, 24725, 24726, 24728, 24732, 24736, 24737, 24740, 24741, 24744, 24745, 24746, 24747, 24750, 24751, 24756, 24761, 24763, 24764, 24766, 24768, 24772, 24773, 24776, 24777, 24778, 24781, 24782, 24788, 24789, 24790, 24791, 24793, 24795, 24797, 24798, 24799, 24802, 24803, 24804, 24805, 24806, 24808, 24809, 24812, 24813, 24814, 24815, 24820, 24822, 24824, 24825, 24826, 24829, 24833, 24835, 24837, 24839, 24852, 24853, 24854, 24863, 24865, 24871, 24875, 24878, 24879, 24881, 24883, 24884, 24886, 24896, 24899, 24900, 24901, 24902, 24905, 24906, 24912, 24924, 24925, 24928, 24929, 24936, 24941, 24942, 24943, 24944, 24946, 24947, 24948, 24951, 24954, 24958, 24959, 24960, 24963, 24964, 24968, 24972, 24973, 24975, 24976, 24977, 24978, 24979, 24981, 24982, 24984, 24987, 24997, 24999, 25000, 25001, 25003, 25004, 25005, 25006, 25008, 25009, 25010, 25011, 25015, 25016, 25020, 25024, 25028, 25029, 25033, 25034, 25035, 25037, 25038, 25041, 25044, 25045, 25046, 25047, 25048, 25051, 25053, 25055, 25056, 25058, 25061, 25062, 25063, 25065, 25066, 25068, 25069, 25070, 25072, 25073, 25076, 25077, 25078, 25079, 25080, 25082, 25083, 25084, 25085, 25088, 25089, 25090, 25093, 25095, 25098, 25099, 25101, 25104, 25106, 25107, 25108, 25109, 25110, 25111, 25114, 25115, 25117, 25118, 25119, 25120, 25121, 25123, 25125, 25126, 25130, 25131, 25133, 25134, 25135, 25136, 25137, 25138, 25139, 25142, 25145, 25148, 25152, 25153, 25154, 25155, 25159, 25160, 25163, 25164, 25168, 25169, 25171, 25173, 25175, 25178, 25179, 25181, 25186, 25188, 25190, 25191, 25192, 25197, 25201, 25205, 25207, 25209, 25210, 25211, 25212, 25213, 25215, 25216, 25218, 25219, 25222, 25223, 25226, 25228, 25229, 25230, 25231, 25232, 25233, 25235, 25236, 25237, 25243, 25247, 25248, 25249, 25250, 25253, 25254, 25258, 25259, 25261, 25262, 25263, 25265, 25266, 25267, 25269, 25271, 25272, 25273, 25277, 25278, 25281, 25282, 25285, 25287, 25288, 25290, 25291, 25292, 25294, 25295, 25296, 25298, 25299, 25302, 25304, 25305, 25306, 25309, 25310, 25312, 25313, 25314, 25315, 25319, 25320, 25322, 25324, 25325, 25329, 25331, 25332, 25343, 25344, 25345, 25346, 25348, 25350, 25353, 25355, 25358, 25359, 25360, 25361, 25362, 25365, 25366, 25368, 25371, 25373, 25374, 25377, 25378, 25379, 25382, 25383, 25384, 25385, 25386, 25387, 25388, 25393, 25394, 25395, 25396, 25397, 25398, 25399, 25400, 25406, 25410, 25412, 25413, 25416, 25418, 25420, 25421, 25422, 25424, 25425, 25430, 25431, 25432, 25438, 25440, 25441, 25442, 25447, 25450, 25452, 25453, 25454, 25455, 25457, 25458, 25459, 25460, 25465, 25466, 25468, 25469, 25470, 25471, 25472, 25473, 25477, 25479, 25480, 25483, 25484, 25485, 25487, 25488, 25491, 25494, 25495, 25498, 25499, 25500, 25505, 25511, 25513, 25515, 25517, 25519, 25520, 25523, 25524, 25525, 25529, 25531, 25532, 25533, 25538, 25539, 25543, 25544, 25547, 25549, 25551, 25553, 25555, 25558, 25559, 25560, 25561, 25562, 25564, 25565, 25566, 25569, 25570, 25572, 25576, 25578, 25579, 25582, 25583, 25590, 25591, 25597, 25599, 25601, 25602, 25604, 25607, 25608, 25609, 25612, 25613, 25614, 25615, 25618, 25619, 25620, 25622, 25624, 25626, 25627, 25629, 25630, 25633, 25639, 25642, 25645, 25647, 25649, 25650, 25651, 25652, 25654, 25657, 25658, 25659, 25663, 25664, 25665, 25666, 25667, 25668, 25670, 25672, 25675, 25676, 25678, 25681, 25682, 25686, 25687, 25688, 25690, 25692, 25693, 25697, 25698, 25700, 25704, 25705, 25706, 25708, 25709, 25710, 25712, 25718, 25719, 25722, 25723, 25725, 25726, 25732, 25733, 25735, 25737, 25738, 25742, 25743, 25745, 25746, 25747, 25748, 25749, 25753, 25754, 25758, 25759, 25760, 25763, 25765, 25766, 25767, 25769, 25770, 25773, 25774, 25775, 25777, 25779, 25780, 25781, 25782, 25785, 25787, 25789, 25791, 25792, 25794, 25795, 25796, 25798, 25800, 25802, 25804, 25805, 25807, 25809, 25810, 25811, 25812, 25814, 25818, 25819, 25820, 25821, 25824, 25825, 25826, 25827, 25828, 25829, 25832, 25834, 25835, 25836, 25837, 25839, 25841, 25842, 25843, 25845, 25846, 25847, 25848, 25849, 25850, 25851, 25852, 25853, 25856, 25857, 25859, 25861, 25863, 25864, 25865, 25866, 25869, 25870, 25871, 25873, 25876, 25878, 25879, 25881, 25883, 25886, 25890, 25891, 25894, 25896, 25897, 25898, 25900, 25902, 25903, 25905, 25906, 25909, 25910, 25912, 25913, 25914, 25916, 25920, 25921, 25922, 25926, 25927, 25928, 25931, 25934, 25935, 25936, 25937, 25938, 25939, 25940, 25942, 25943, 25944, 25946, 25947, 25949, 25950, 25952, 25953, 25954, 25955, 25957, 25958, 25960, 25963, 25966, 25969, 25970, 25971, 25972, 25973, 25974, 25975, 25977, 25978, 25979, 25987, 25989, 25990, 25991, 25994, 25996, 25998, 25999, 26002, 26004, 26005, 26008, 26009, 26011, 26012, 26014, 26015, 26017, 26019, 26020, 26021, 26023, 26024, 26026, 26028, 26029, 26032, 26035, 26041, 26042, 26046, 26047, 26048, 26049, 26050, 26052, 26055, 26057, 26059, 26063, 26064, 26066, 26074, 26077, 26079, 26080, 26082, 26083, 26085, 26086, 26088, 26090, 26091, 26093, 26094, 26095, 26096, 26097, 26098, 26099, 26100, 26101, 26102, 26104, 26109, 26110, 26113, 26116, 26117, 26118, 26119, 26120, 26121, 26122, 26123, 26124, 26125, 26126, 26127, 26128, 26130, 26132, 26138, 26142, 26143, 26145, 26146, 26148, 26149, 26150, 26151, 26152, 26154, 26159, 26160, 26161, 26162, 26164, 26165, 26167, 26169, 26170, 26172, 26173, 26175, 26177, 26178, 26185, 26186, 26188, 26191, 26193, 26194, 26195, 26197, 26199, 26201, 26202, 26203, 26204, 26206, 26207, 26208, 26211, 26214, 26216, 26217, 26218, 26219, 26220, 26221, 26225, 26226, 26227, 26229, 26231, 26232, 26233, 26234, 26235, 26236, 26239, 26241, 26243, 26244, 26245, 26246, 26248, 26249, 26250, 26251, 26252, 26254, 26256, 26260, 26264, 26265, 26266, 26269, 26270, 26272, 26277, 26278, 26279, 26280, 26281, 26283, 26284, 26285, 26286, 26289, 26290, 26291, 26292, 26293, 26296, 26297, 26298, 26299, 26302, 26304, 26306, 26308, 26309, 26315, 26316, 26317, 26320, 26321, 26323, 26324, 26325, 26328, 26334, 26336, 26337, 26338, 26341, 26342, 26343, 26344, 26345, 26346, 26348, 26349, 26351, 26352, 26353, 26354, 26355, 26358, 26359, 26363, 26366, 26367, 26368, 26371, 26372, 26373, 26375, 26377, 26378, 26379, 26380, 26381, 26383, 26385, 26387, 26388, 26390, 26391, 26392, 26394, 26395, 26396, 26398, 26400, 26401, 26403, 26405, 26407, 26409, 26410, 26411, 26412, 26413, 26414, 26417, 26419, 26420, 26421, 26422, 26425, 26426, 26427, 26428, 26431, 26432, 26433, 26435, 26437, 26438, 26441, 26443, 26444, 26447, 26450, 26451, 26453, 26454, 26455, 26456, 26457, 26460, 26462, 26463, 26464, 26467, 26471, 26474, 26477, 26479, 26480, 26481, 26482, 26484, 26485, 26486, 26491, 26492, 26498, 26499, 26501, 26502, 26503, 26504, 26506, 26507, 26509, 26510, 26512, 26513, 26516, 26520, 26522, 26524, 26525, 26527, 26528, 26529, 26530, 26531, 26533, 26537, 26539, 26542, 26547, 26549, 26550, 26551, 26554, 26555, 26556, 26561, 26562, 26563, 26564, 26565, 26566, 26568, 26569, 26570, 26571, 26574, 26575, 26576, 26579, 26581, 26583, 26584, 26586, 26587, 26588, 26592, 26593, 26595, 26598, 26602, 26605, 26608, 26610, 26611, 26612, 26614, 26621, 26624, 26625, 26626, 26627, 26628, 26632, 26633, 26634, 26635, 26637, 26638, 26640, 26641, 26642, 26643, 26647, 26650, 26651, 26652, 26654, 26657, 26659, 26661, 26665, 26668, 26669, 26670, 26672, 26673, 26675, 26676, 26678, 26681, 26683, 26684, 26686, 26689, 26691, 26692, 26698, 26699, 26700, 26701, 26703, 26704, 26705, 26708, 26710, 26715, 26716, 26718, 26720, 26723, 26724, 26729, 26732, 26735, 26736, 26740, 26742, 26744, 26748, 26749, 26750, 26751, 26752, 26753, 26754, 26755, 26756, 26760, 26761, 26765, 26766, 26768, 26770, 26772, 26775, 26776, 26778, 26779, 26780, 26781, 26783, 26790, 26793, 26794, 26797, 26798, 26807, 26808, 26809, 26810, 26812, 26813, 26814, 26821, 26822, 26823, 26826, 26827, 26828, 26829, 26832, 26834, 26835, 26838, 26840, 26842, 26845, 26847, 26848, 26849, 26850, 26851, 26852, 26853, 26854, 26858, 26859, 26860, 26862, 26864, 26866, 26870, 26871, 26872, 26873, 26874, 26880, 26885, 26887, 26888, 26893, 26894, 26895, 26897, 26898, 26901, 26906, 26915, 26916, 26917, 26918, 26919, 26921, 26922, 26924, 26925, 26926, 26927, 26930, 26932, 26936, 26938, 26939, 26943, 26945, 26946, 26947, 26948, 26949, 26950, 26951, 26953, 26955, 26956, 26957, 26959, 26963, 26964, 26966, 26968, 26971, 26974, 26976, 26977, 26979, 26980, 26981, 26982, 26984, 26986, 26987, 26991, 26992, 26993, 26994, 26996, 26999, 27000, 27001, 27002, 27006, 27008, 27009, 27010, 27011, 27012, 27013, 27014, 27015, 27016, 27017, 27019, 27021, 27022, 27027, 27028, 27029, 27030, 27034, 27037, 27041, 27043, 27044, 27045, 27047, 27048, 27050, 27051, 27052, 27053, 27054, 27055, 27058, 27060, 27063, 27064, 27065, 27066, 27069, 27071, 27072, 27077, 27079, 27080, 27084, 27085, 27086, 27087, 27091, 27093, 27094, 27095, 27096, 27102, 27105, 27111, 27112, 27113, 27114, 27120, 27123, 27124, 27128, 27130, 27132, 27133, 27136, 27138, 27139, 27141, 27142, 27143, 27145, 27146, 27149, 27150, 27155, 27156, 27157, 27160, 27161, 27162, 27164, 27165, 27166, 27167, 27169, 27174, 27175, 27176, 27177, 27178, 27185, 27189, 27191, 27195, 27196, 27197, 27199, 27200, 27202, 27203, 27204, 27206, 27209, 27210, 27212, 27215, 27216, 27217, 27218, 27220, 27222, 27223, 27224, 27225, 27226, 27227, 27228, 27229, 27231, 27232, 27233, 27237, 27245, 27249, 27251, 27252, 27253, 27254, 27257, 27258, 27259, 27261, 27262, 27264, 27266, 27271, 27272, 27273, 27274, 27275, 27279, 27280, 27281, 27283, 27286, 27287, 27288, 27289, 27290, 27292, 27294, 27299, 27303, 27309, 27312, 27313, 27314, 27315, 27317, 27318, 27319, 27320, 27323, 27325, 27326, 27329, 27331, 27334, 27336, 27337, 27339, 27340, 27341, 27342, 27343, 27344, 27347, 27348, 27351, 27357, 27361, 27362, 27363, 27365, 27368, 27370, 27371, 27372, 27374, 27375, 27376, 27377, 27378, 27380, 27383, 27384, 27386, 27388, 27389, 27392, 27393, 27394, 27396, 27398, 27399, 27402, 27403, 27404, 27405, 27408, 27409, 27410, 27411, 27414, 27416, 27417, 27419, 27420, 27423, 27426, 27427, 27431, 27432, 27433, 27434, 27435, 27436, 27437, 27439, 27440, 27441, 27445, 27448, 27449, 27450, 27451, 27452, 27453, 27455, 27457, 27459, 27460, 27462, 27464, 27465, 27468, 27470, 27472, 27476, 27479, 27480, 27483, 27484, 27486, 27488, 27493, 27496, 27497, 27499, 27500, 27503, 27504, 27506, 27509, 27510, 27513, 27515, 27517, 27518, 27519, 27525, 27527, 27529, 27530, 27532, 27534, 27535, 27537, 27543, 27544, 27545, 27546, 27547, 27549, 27551, 27552, 27553, 27555, 27557, 27561, 27564, 27567, 27568, 27569, 27570, 27571, 27573, 27578, 27580, 27581, 27583, 27584, 27585, 27587, 27588, 27589, 27591, 27592, 27593, 27594, 27596, 27597, 27605, 27606, 27607, 27608, 27612, 27613, 27615, 27616, 27617, 27618, 27620, 27622, 27624, 27625, 27629, 27631, 27632, 27633, 27636, 27641, 27642, 27643, 27644, 27647, 27648, 27649, 27650, 27652, 27655, 27657, 27658, 27659, 27661, 27662, 27663, 27667, 27668, 27671, 27672, 27676, 27682, 27683, 27684, 27685, 27686, 27689, 27691, 27692, 27693, 27694, 27698, 27699, 27704, 27706, 27709, 27710, 27711, 27712, 27713, 27714, 27715, 27716, 27718, 27719, 27720, 27722, 27725, 27727, 27729, 27731, 27734, 27735, 27736, 27738, 27742, 27743, 27744, 27746, 27750, 27751, 27752, 27753, 27755, 27759, 27763, 27764, 27765, 27767, 27768, 27769, 27771, 27772, 27775, 27777, 27778, 27779, 27783, 27784, 27785, 27787, 27789, 27790, 27791, 27794, 27795, 27796, 27797, 27800, 27801, 27805, 27806, 27807, 27808, 27809, 27810, 27811, 27814, 27817, 27818, 27821, 27823, 27824, 27825, 27826, 27828, 27829, 27830, 27831, 27832, 27833, 27834, 27835, 27837, 27838, 27840, 27841, 27844, 27845, 27846, 27848, 27852, 27854, 27856, 27857, 27859, 27862, 27863, 27865, 27867, 27868, 27871, 27873, 27874, 27876, 27878, 27881, 27884, 27887, 27888, 27889, 27890, 27891, 27892, 27893, 27894, 27895, 27897, 27899, 27900, 27905, 27907, 27909, 27914, 27915, 27916, 27918, 27922, 27924, 27926, 27928, 27929, 27930, 27931, 27932, 27934, 27935, 27938, 27939, 27940, 27942, 27944, 27945, 27947, 27949, 27951, 27954, 27955, 27956, 27957, 27959, 27960, 27962, 27965, 27966, 27968, 27969, 27970, 27972, 27973, 27976, 27977, 27982, 27983, 27985, 27986, 27989, 27990, 27993, 27994, 27995, 27996, 27997, 27998, 27999, 28000, 28002, 28003, 28004, 28006, 28010, 28011, 28013, 28014, 28015, 28017, 28019, 28020, 28021, 28023, 28026, 28027, 28029, 28030, 28031, 28032, 28033, 28038, 28039, 28040, 28042, 28046, 28047, 28048, 28050, 28051, 28054, 28056, 28057, 28059, 28061, 28062, 28064, 28067, 28068, 28069, 28070, 28071, 28072, 28073, 28074, 28076, 28079, 28081, 28082, 28084, 28086, 28088, 28090, 28092, 28093, 28094, 28096, 28098, 28099, 28101, 28103, 28104, 28107, 28109, 28111, 28114, 28118, 28119, 28121, 28122, 28126, 28129, 28130, 28132, 28134, 28135, 28136, 28137, 28140, 28141, 28142, 28145, 28148, 28152, 28153, 28155, 28156, 28157, 28160, 28162, 28163, 28167, 28169, 28173, 28174, 28175, 28176, 28178, 28179, 28181, 28183, 28184, 28185, 28186, 28187, 28189, 28190, 28192, 28193, 28194, 28195, 28196, 28198, 28200, 28204, 28205, 28206, 28209, 28210, 28213, 28214, 28215, 28216, 28217, 28218, 28221, 28224, 28226, 28227, 28229, 28231, 28232, 28233, 28234, 28235, 28236, 28237, 28239, 28240, 28244, 28246, 28247, 28248, 28250, 28251, 28253, 28254, 28257, 28258, 28260, 28264, 28265, 28267, 28273, 28274, 28276, 28278, 28281, 28284, 28285, 28286, 28289, 28293, 28297, 28298, 28299, 28304, 28306, 28310, 28312, 28314, 28315, 28316, 28318, 28319, 28320, 28321, 28325, 28326, 28327, 28330, 28333, 28334, 28335, 28338, 28339, 28340, 28341, 28344, 28345, 28346, 28347, 28348, 28349, 28355, 28357, 28361, 28365, 28366, 28370, 28376, 28378, 28379, 28380, 28381, 28385, 28386, 28387, 28397, 28398, 28399, 28401, 28402, 28404, 28405, 28407, 28408, 28410, 28412, 28413, 28414, 28417, 28418, 28419, 28420, 28423, 28424, 28426, 28431, 28436, 28439, 28442, 28443, 28446, 28448, 28452, 28453, 28456, 28458, 28459, 28460, 28462, 28463, 28465, 28466, 28467, 28468, 28471, 28472, 28473, 28476, 28478, 28479, 28481, 28483, 28488, 28489, 28491, 28492, 28495, 28496, 28499, 28504, 28505, 28507, 28510, 28511, 28514, 28515, 28516, 28517, 28518, 28519, 28525, 28527, 28530, 28531, 28532, 28533, 28535, 28536, 28538, 28540, 28542, 28547, 28548, 28549, 28550, 28553, 28555, 28557, 28559, 28562, 28563, 28564, 28566, 28567, 28570, 28571, 28572, 28574, 28577, 28578, 28579, 28582, 28583, 28585, 28586, 28591, 28592, 28593, 28594, 28595, 28596, 28597, 28598, 28602, 28603, 28604, 28605, 28606, 28607, 28608, 28609, 28610, 28612, 28613, 28614, 28619, 28620, 28621, 28624, 28625, 28626, 28631, 28633, 28634, 28635, 28637, 28644, 28645, 28647, 28648, 28650, 28651, 28653, 28655, 28657, 28658, 28659, 28660, 28661, 28663, 28666, 28667, 28668, 28670, 28671, 28672, 28674, 28675, 28677, 28679, 28680, 28682, 28683, 28684, 28686, 28689, 28690, 28691, 28692, 28693, 28694, 28695, 28696, 28697, 28698, 28699, 28700, 28701, 28702, 28707, 28708, 28709, 28712, 28713, 28714, 28715, 28716, 28717, 28720, 28721, 28722, 28724, 28725, 28727, 28728, 28729, 28730, 28731, 28732, 28737, 28739, 28741, 28743, 28745, 28746, 28747, 28752, 28754, 28757, 28758, 28759, 28763, 28765, 28767, 28768, 28769, 28772, 28778, 28780, 28781, 28782, 28785, 28786, 28788, 28789, 28790, 28791, 28793, 28794, 28795, 28797, 28798, 28799, 28807, 28808, 28810, 28811, 28812, 28814, 28817, 28818, 28819, 28820, 28821, 28824, 28827, 28829, 28830, 28831, 28832, 28833, 28834, 28835, 28836, 28844, 28847, 28848, 28852, 28855, 28858, 28860, 28862, 28863, 28865, 28868, 28869, 28871, 28873, 28876, 28878, 28879, 28884, 28885, 28888, 28890, 28893, 28894, 28895, 28897, 28900, 28901, 28902, 28903, 28904, 28906, 28907, 28908, 28909, 28912, 28915, 28917, 28919, 28920, 28921, 28922, 28923, 28925, 28928, 28929, 28932, 28933, 28936, 28937, 28942, 28946, 28953, 28954, 28956, 28957, 28958, 28960, 28961, 28963, 28967, 28968, 28969, 28971, 28973, 28974, 28978, 28980, 28982, 28984, 28985, 28987, 28988, 28989, 28990, 28992, 28993, 28994, 28995, 28996, 28998, 29000, 29001, 29002, 29006, 29008, 29009, 29011, 29012, 29013, 29014, 29015, 29017, 29019, 29021, 29022, 29023, 29025, 29028, 29029, 29031, 29033, 29034, 29035, 29038, 29039, 29040, 29041, 29044, 29048, 29054, 29058, 29061, 29062, 29063, 29066, 29068, 29071, 29072, 29073, 29074, 29075, 29076, 29077, 29081, 29084, 29085, 29087, 29088, 29090, 29091, 29094, 29095, 29096, 29097, 29102, 29103, 29105, 29106, 29107, 29109, 29113, 29118, 29120, 29122, 29123, 29127, 29129, 29131, 29134, 29137, 29141, 29144, 29145, 29147, 29148, 29149, 29150, 29151, 29154, 29156, 29157, 29158, 29159, 29167, 29169, 29171, 29174, 29177, 29182, 29183, 29184, 29185, 29186, 29187, 29190, 29192, 29193, 29195, 29196, 29198, 29200, 29204, 29207, 29209, 29210, 29211, 29212, 29218, 29219, 29221, 29223, 29226, 29227, 29230, 29233, 29234, 29235, 29236, 29238, 29239, 29246, 29247, 29251, 29252, 29254, 29255, 29256, 29257, 29258, 29260, 29261, 29262, 29263, 29267, 29268, 29270, 29271, 29272, 29275, 29276, 29278, 29284, 29285, 29287, 29290, 29293, 29294, 29298, 29300, 29301, 29304, 29307, 29308, 29310, 29311, 29312, 29313, 29314, 29320, 29321, 29322, 29327, 29328, 29329, 29331, 29333, 29334, 29336, 29337, 29338, 29341, 29345, 29348, 29349, 29352, 29353, 29354, 29358, 29359, 29361, 29363, 29364, 29365, 29368, 29369, 29371, 29372, 29377, 29380, 29383, 29384, 29385, 29387, 29388, 29393, 29395, 29397, 29398, 29400, 29401, 29402, 29403, 29404, 29405, 29406, 29408, 29409, 29411, 29412, 29415, 29416, 29417, 29418, 29420, 29422, 29425, 29427, 29428, 29429, 29430, 29431, 29433, 29435, 29436, 29437, 29440, 29441, 29444, 29446, 29449, 29450, 29451, 29453, 29454, 29455, 29459, 29460, 29462, 29464, 29465, 29466, 29467, 29468, 29471, 29472, 29474, 29475, 29477, 29478, 29481, 29484, 29486, 29487, 29488, 29489, 29491, 29492, 29493, 29494, 29497, 29498, 29499, 29503, 29505, 29506, 29507, 29508, 29509, 29510, 29514, 29515, 29516, 29518, 29520, 29521, 29522, 29523, 29524, 29525, 29528, 29530, 29531, 29534, 29535, 29538, 29540, 29541, 29544, 29545, 29550, 29551, 29553, 29555, 29556, 29557, 29558, 29559, 29560, 29561, 29563, 29570, 29571, 29572, 29573, 29575, 29576, 29577, 29580, 29584, 29585, 29586, 29590, 29592, 29597, 29600, 29602, 29603, 29604, 29605, 29608, 29610, 29612, 29615, 29617, 29618, 29623, 29624, 29626, 29627, 29629, 29630, 29631, 29632, 29633, 29635, 29636, 29640, 29641, 29642, 29643, 29647, 29648, 29649, 29651, 29659, 29660, 29664, 29666, 29669, 29677, 29678, 29679, 29680, 29683, 29685, 29686, 29688, 29689, 29694, 29696, 29697, 29702, 29705, 29706, 29707, 29708, 29709, 29710, 29711, 29712, 29719, 29721, 29722, 29724, 29725, 29726, 29727, 29729, 29730, 29732, 29733, 29734, 29735, 29736, 29738, 29739, 29743, 29744, 29745, 29746, 29747, 29748, 29749, 29750, 29752, 29754, 29755, 29757, 29758, 29759, 29760, 29762, 29763, 29765, 29767, 29768, 29769, 29770, 29772, 29779, 29782, 29784, 29786, 29788, 29791, 29793, 29794, 29796, 29798, 29802, 29803, 29804, 29807, 29809, 29811, 29812, 29813, 29815, 29817, 29818, 29822, 29823, 29824, 29825, 29826, 29828, 29829, 29830, 29831, 29835, 29836, 29837, 29839, 29841, 29843, 29846, 29847, 29848, 29852, 29857, 29858, 29860, 29862, 29863, 29864, 29865, 29867, 29869, 29872, 29873, 29874, 29877, 29879, 29881, 29882, 29883, 29885, 29888, 29889, 29890, 29892, 29893, 29896, 29898, 29899, 29900, 29901, 29903, 29907, 29910, 29911, 29916, 29917, 29920, 29923, 29925, 29928, 29929, 29932, 29933, 29934, 29939, 29940, 29941, 29942, 29943, 29949, 29951, 29956, 29957, 29958, 29959, 29960, 29964, 29967, 29968, 29969, 29970, 29973, 29975, 29976, 29979, 29982, 29983, 29985, 29987, 29988, 29990, 29991, 29995, 29997, 29998, 29999]

Interval: 40-79 (Member length: 40 to 79)
Sample count: 18071
Sample indices: [0, 1, 3, 4, 5, 7, 8, 9, 10, 11, 16, 17, 18, 21, 22, 24, 25, 26, 30, 31, 32, 34, 36, 37, 40, 41, 42, 43, 44, 45, 46, 47, 48, 50, 53, 56, 57, 60, 61, 62, 63, 64, 66, 67, 68, 70, 71, 74, 75, 78, 79, 80, 81, 82, 84, 85, 88, 90, 91, 92, 93, 94, 95, 96, 97, 99, 100, 102, 105, 107, 108, 111, 112, 114, 116, 117, 118, 120, 122, 123, 124, 128, 129, 130, 131, 132, 133, 134, 135, 136, 137, 138, 139, 141, 142, 143, 145, 147, 149, 150, 151, 155, 156, 157, 158, 160, 161, 162, 163, 165, 166, 167, 168, 170, 171, 172, 173, 174, 175, 176, 178, 179, 181, 184, 185, 186, 188, 189, 190, 191, 195, 196, 197, 198, 200, 201, 202, 203, 204, 205, 206, 207, 210, 211, 212, 213, 214, 215, 217, 219, 221, 222, 223, 225, 226, 227, 232, 233, 234, 235, 237, 238, 239, 241, 242, 243, 244, 246, 247, 249, 250, 252, 254, 256, 260, 262, 265, 266, 268, 269, 273, 276, 278, 279, 280, 281, 284, 285, 286, 287, 288, 289, 291, 292, 295, 296, 297, 299, 302, 304, 308, 309, 310, 311, 313, 314, 315, 317, 318, 319, 321, 322, 326, 331, 332, 334, 335, 336, 339, 340, 342, 343, 344, 345, 347, 348, 349, 352, 353, 354, 355, 358, 359, 360, 361, 363, 366, 367, 369, 371, 373, 375, 376, 378, 379, 380, 382, 383, 384, 385, 386, 387, 389, 390, 391, 392, 393, 396, 398, 401, 402, 404, 407, 409, 410, 412, 414, 415, 416, 421, 422, 423, 425, 426, 427, 428, 429, 430, 431, 432, 434, 436, 438, 439, 440, 442, 443, 445, 446, 447, 448, 450, 452, 453, 454, 455, 456, 458, 460, 461, 465, 467, 468, 470, 471, 472, 473, 475, 477, 480, 483, 484, 486, 487, 490, 491, 493, 496, 500, 501, 502, 503, 505, 507, 508, 509, 510, 511, 512, 513, 516, 517, 519, 522, 524, 525, 526, 528, 529, 530, 533, 534, 536, 538, 539, 540, 542, 543, 544, 545, 546, 547, 548, 550, 551, 552, 553, 554, 555, 556, 557, 559, 560, 561, 564, 565, 566, 567, 568, 570, 573, 574, 576, 579, 580, 581, 582, 583, 586, 587, 588, 590, 591, 592, 593, 594, 595, 597, 600, 602, 603, 604, 606, 607, 608, 612, 613, 614, 615, 616, 617, 618, 619, 620, 621, 622, 623, 624, 625, 626, 627, 629, 630, 631, 633, 635, 636, 637, 638, 642, 643, 644, 645, 647, 648, 649, 650, 651, 652, 653, 654, 655, 656, 659, 660, 661, 662, 664, 666, 667, 668, 669, 670, 672, 673, 677, 678, 679, 680, 681, 682, 683, 685, 688, 689, 690, 693, 696, 697, 698, 700, 701, 702, 703, 705, 706, 707, 708, 709, 714, 720, 721, 722, 723, 724, 725, 726, 727, 728, 729, 732, 734, 737, 739, 740, 741, 743, 744, 745, 749, 750, 751, 752, 753, 755, 756, 757, 758, 759, 760, 761, 763, 765, 766, 767, 771, 773, 775, 776, 777, 778, 779, 780, 782, 783, 785, 787, 788, 790, 795, 796, 798, 799, 800, 801, 802, 803, 806, 807, 810, 812, 813, 814, 815, 817, 818, 820, 821, 822, 823, 826, 828, 830, 831, 834, 836, 837, 838, 840, 841, 842, 843, 846, 848, 849, 850, 851, 852, 853, 854, 856, 859, 862, 863, 864, 865, 866, 868, 874, 877, 878, 880, 884, 885, 886, 887, 888, 890, 892, 894, 895, 896, 897, 898, 900, 902, 903, 904, 906, 907, 909, 910, 912, 914, 916, 917, 918, 919, 921, 922, 923, 925, 926, 929, 930, 931, 932, 933, 934, 935, 936, 938, 942, 944, 945, 946, 949, 950, 954, 956, 957, 958, 959, 960, 961, 962, 964, 965, 966, 967, 969, 970, 971, 973, 974, 975, 976, 977, 978, 979, 982, 983, 984, 986, 987, 988, 990, 991, 992, 993, 994, 995, 996, 997, 998, 1000, 1001, 1004, 1005, 1008, 1009, 1011, 1015, 1017, 1018, 1019, 1020, 1022, 1023, 1025, 1027, 1028, 1029, 1031, 1032, 1033, 1036, 1037, 1039, 1041, 1043, 1045, 1046, 1047, 1048, 1049, 1050, 1051, 1052, 1053, 1054, 1055, 1057, 1058, 1059, 1061, 1062, 1064, 1065, 1066, 1067, 1069, 1070, 1071, 1072, 1073, 1075, 1076, 1077, 1078, 1079, 1080, 1082, 1083, 1085, 1086, 1087, 1088, 1090, 1091, 1092, 1093, 1095, 1096, 1097, 1099, 1101, 1102, 1103, 1106, 1107, 1108, 1110, 1112, 1113, 1114, 1116, 1117, 1118, 1119, 1120, 1121, 1123, 1124, 1125, 1126, 1127, 1128, 1130, 1131, 1132, 1134, 1135, 1136, 1137, 1138, 1139, 1141, 1143, 1144, 1146, 1148, 1149, 1150, 1152, 1153, 1156, 1157, 1160, 1161, 1163, 1164, 1165, 1166, 1167, 1168, 1171, 1172, 1173, 1176, 1177, 1179, 1181, 1182, 1184, 1185, 1186, 1188, 1189, 1190, 1191, 1193, 1196, 1197, 1198, 1200, 1201, 1203, 1204, 1206, 1207, 1208, 1209, 1210, 1214, 1216, 1217, 1219, 1220, 1221, 1225, 1226, 1230, 1231, 1234, 1235, 1236, 1238, 1239, 1241, 1243, 1244, 1245, 1246, 1247, 1248, 1249, 1250, 1252, 1253, 1255, 1256, 1257, 1258, 1259, 1262, 1264, 1265, 1266, 1267, 1268, 1270, 1271, 1272, 1273, 1274, 1275, 1277, 1278, 1279, 1280, 1282, 1283, 1286, 1287, 1288, 1289, 1290, 1291, 1294, 1297, 1299, 1300, 1301, 1302, 1306, 1308, 1310, 1311, 1312, 1313, 1315, 1316, 1317, 1318, 1319, 1321, 1323, 1324, 1325, 1329, 1331, 1332, 1333, 1334, 1335, 1336, 1337, 1339, 1341, 1342, 1344, 1347, 1349, 1350, 1351, 1352, 1353, 1354, 1355, 1356, 1357, 1358, 1359, 1360, 1365, 1366, 1367, 1369, 1371, 1372, 1374, 1377, 1379, 1381, 1382, 1384, 1385, 1386, 1390, 1391, 1392, 1393, 1396, 1397, 1398, 1401, 1403, 1404, 1406, 1413, 1414, 1415, 1416, 1418, 1420, 1421, 1424, 1425, 1426, 1427, 1428, 1429, 1430, 1431, 1433, 1434, 1436, 1437, 1438, 1439, 1441, 1445, 1446, 1448, 1449, 1450, 1452, 1453, 1455, 1456, 1457, 1458, 1461, 1462, 1465, 1466, 1469, 1471, 1472, 1473, 1474, 1475, 1476, 1480, 1481, 1482, 1483, 1484, 1485, 1486, 1488, 1490, 1492, 1493, 1495, 1497, 1498, 1499, 1500, 1501, 1503, 1504, 1505, 1506, 1507, 1511, 1513, 1514, 1515, 1516, 1517, 1519, 1523, 1525, 1526, 1527, 1528, 1529, 1534, 1538, 1539, 1540, 1541, 1542, 1543, 1544, 1546, 1549, 1552, 1554, 1555, 1556, 1558, 1559, 1560, 1561, 1562, 1563, 1565, 1566, 1567, 1569, 1570, 1572, 1574, 1576, 1577, 1578, 1580, 1581, 1582, 1584, 1587, 1588, 1589, 1592, 1593, 1595, 1596, 1598, 1599, 1600, 1601, 1602, 1605, 1606, 1607, 1608, 1610, 1611, 1613, 1615, 1616, 1617, 1618, 1620, 1623, 1625, 1627, 1629, 1630, 1631, 1632, 1633, 1635, 1636, 1637, 1638, 1639, 1641, 1643, 1644, 1646, 1648, 1649, 1650, 1651, 1652, 1654, 1656, 1657, 1658, 1661, 1662, 1663, 1664, 1665, 1667, 1668, 1669, 1671, 1672, 1674, 1675, 1676, 1677, 1678, 1682, 1685, 1686, 1687, 1689, 1690, 1691, 1692, 1693, 1695, 1696, 1697, 1699, 1700, 1703, 1704, 1706, 1707, 1711, 1712, 1713, 1715, 1716, 1717, 1719, 1720, 1723, 1724, 1725, 1726, 1727, 1728, 1729, 1730, 1731, 1732, 1733, 1735, 1736, 1738, 1739, 1740, 1744, 1746, 1747, 1748, 1749, 1750, 1752, 1753, 1754, 1755, 1756, 1757, 1759, 1765, 1766, 1767, 1768, 1770, 1771, 1772, 1773, 1774, 1775, 1776, 1777, 1780, 1782, 1783, 1785, 1786, 1788, 1789, 1792, 1793, 1794, 1795, 1796, 1799, 1800, 1801, 1802, 1803, 1804, 1806, 1807, 1809, 1810, 1811, 1813, 1814, 1815, 1816, 1817, 1818, 1820, 1821, 1823, 1824, 1826, 1829, 1830, 1832, 1833, 1836, 1837, 1838, 1840, 1841, 1843, 1845, 1847, 1849, 1851, 1852, 1853, 1854, 1857, 1859, 1860, 1861, 1862, 1864, 1865, 1867, 1868, 1869, 1870, 1871, 1872, 1873, 1876, 1877, 1879, 1880, 1881, 1882, 1883, 1884, 1885, 1886, 1888, 1890, 1891, 1892, 1893, 1894, 1895, 1896, 1897, 1898, 1899, 1900, 1901, 1904, 1905, 1907, 1908, 1909, 1911, 1914, 1915, 1918, 1919, 1920, 1922, 1923, 1926, 1927, 1930, 1931, 1934, 1935, 1936, 1937, 1939, 1940, 1941, 1944, 1945, 1946, 1947, 1949, 1950, 1951, 1952, 1954, 1955, 1959, 1961, 1962, 1963, 1965, 1966, 1967, 1968, 1970, 1971, 1973, 1974, 1976, 1978, 1982, 1984, 1985, 1988, 1989, 1990, 1991, 1992, 1993, 1994, 1995, 1996, 1998, 1999, 2002, 2004, 2005, 2007, 2008, 2010, 2011, 2012, 2014, 2015, 2016, 2017, 2018, 2019, 2021, 2023, 2025, 2026, 2027, 2029, 2033, 2035, 2038, 2039, 2040, 2043, 2045, 2046, 2049, 2052, 2053, 2054, 2055, 2056, 2057, 2058, 2059, 2061, 2063, 2064, 2065, 2066, 2067, 2069, 2073, 2075, 2076, 2077, 2078, 2080, 2081, 2082, 2083, 2090, 2091, 2092, 2093, 2095, 2096, 2097, 2098, 2101, 2102, 2104, 2109, 2110, 2111, 2113, 2115, 2116, 2117, 2118, 2120, 2121, 2122, 2125, 2126, 2127, 2129, 2134, 2136, 2137, 2138, 2139, 2142, 2146, 2147, 2148, 2149, 2150, 2154, 2160, 2161, 2162, 2165, 2166, 2168, 2169, 2170, 2171, 2172, 2175, 2176, 2177, 2179, 2181, 2182, 2183, 2184, 2185, 2187, 2190, 2192, 2193, 2194, 2196, 2197, 2198, 2199, 2204, 2205, 2206, 2207, 2210, 2212, 2213, 2215, 2218, 2219, 2221, 2223, 2225, 2226, 2227, 2229, 2231, 2234, 2235, 2237, 2239, 2240, 2241, 2244, 2245, 2246, 2247, 2249, 2250, 2252, 2253, 2255, 2256, 2257, 2258, 2260, 2261, 2265, 2266, 2267, 2268, 2271, 2272, 2273, 2276, 2277, 2279, 2282, 2284, 2287, 2288, 2290, 2292, 2295, 2297, 2298, 2299, 2300, 2304, 2306, 2307, 2308, 2311, 2313, 2314, 2315, 2316, 2318, 2320, 2323, 2325, 2326, 2327, 2328, 2329, 2334, 2335, 2338, 2339, 2340, 2342, 2344, 2347, 2348, 2350, 2351, 2352, 2354, 2356, 2357, 2360, 2361, 2362, 2364, 2365, 2366, 2369, 2370, 2371, 2373, 2374, 2375, 2379, 2380, 2381, 2384, 2385, 2386, 2387, 2388, 2389, 2390, 2391, 2392, 2393, 2394, 2397, 2399, 2400, 2401, 2402, 2403, 2404, 2408, 2409, 2410, 2411, 2414, 2415, 2417, 2418, 2419, 2420, 2423, 2429, 2430, 2434, 2435, 2437, 2438, 2439, 2440, 2441, 2442, 2444, 2446, 2448, 2449, 2451, 2453, 2454, 2456, 2457, 2459, 2460, 2462, 2463, 2465, 2466, 2467, 2471, 2472, 2473, 2474, 2475, 2476, 2478, 2479, 2480, 2482, 2483, 2484, 2485, 2486, 2487, 2488, 2489, 2491, 2493, 2494, 2497, 2499, 2502, 2504, 2505, 2507, 2509, 2510, 2512, 2513, 2514, 2517, 2518, 2519, 2520, 2521, 2522, 2523, 2524, 2525, 2526, 2527, 2528, 2529, 2530, 2531, 2532, 2534, 2535, 2536, 2537, 2538, 2539, 2543, 2544, 2546, 2548, 2549, 2551, 2552, 2553, 2557, 2558, 2560, 2562, 2565, 2566, 2567, 2569, 2570, 2571, 2575, 2576, 2577, 2578, 2579, 2581, 2582, 2584, 2585, 2586, 2587, 2588, 2590, 2591, 2592, 2593, 2594, 2595, 2598, 2602, 2603, 2607, 2609, 2610, 2611, 2612, 2615, 2617, 2618, 2620, 2621, 2623, 2625, 2628, 2630, 2632, 2634, 2635, 2636, 2638, 2639, 2640, 2643, 2644, 2645, 2647, 2648, 2649, 2650, 2652, 2653, 2654, 2656, 2657, 2658, 2659, 2661, 2662, 2663, 2664, 2666, 2668, 2670, 2671, 2672, 2673, 2674, 2675, 2676, 2677, 2678, 2679, 2681, 2682, 2685, 2686, 2687, 2688, 2689, 2690, 2692, 2693, 2694, 2700, 2701, 2702, 2703, 2704, 2706, 2707, 2708, 2709, 2711, 2712, 2714, 2715, 2716, 2719, 2721, 2722, 2724, 2725, 2727, 2728, 2729, 2733, 2734, 2736, 2739, 2742, 2746, 2748, 2750, 2752, 2753, 2754, 2755, 2756, 2759, 2760, 2761, 2763, 2764, 2765, 2766, 2770, 2771, 2775, 2777, 2778, 2780, 2781, 2783, 2784, 2786, 2787, 2788, 2791, 2792, 2793, 2794, 2795, 2796, 2798, 2800, 2803, 2804, 2807, 2808, 2809, 2810, 2812, 2813, 2814, 2815, 2816, 2817, 2818, 2820, 2821, 2822, 2823, 2824, 2825, 2828, 2829, 2830, 2831, 2835, 2837, 2842, 2843, 2844, 2845, 2846, 2848, 2849, 2850, 2854, 2855, 2856, 2857, 2858, 2859, 2860, 2861, 2862, 2864, 2865, 2868, 2870, 2873, 2874, 2875, 2877, 2878, 2879, 2880, 2882, 2884, 2885, 2886, 2887, 2889, 2890, 2891, 2895, 2896, 2897, 2898, 2899, 2900, 2901, 2902, 2903, 2906, 2910, 2911, 2912, 2913, 2914, 2915, 2916, 2918, 2919, 2920, 2921, 2922, 2923, 2924, 2925, 2926, 2927, 2928, 2929, 2932, 2933, 2934, 2935, 2940, 2941, 2942, 2943, 2945, 2946, 2947, 2948, 2949, 2950, 2952, 2953, 2954, 2956, 2957, 2958, 2959, 2961, 2962, 2963, 2965, 2968, 2971, 2973, 2974, 2976, 2977, 2978, 2982, 2983, 2984, 2985, 2986, 2987, 2990, 2992, 2993, 2994, 2996, 2999, 3000, 3001, 3003, 3008, 3010, 3011, 3012, 3013, 3015, 3016, 3017, 3018, 3019, 3021, 3022, 3023, 3024, 3025, 3028, 3029, 3031, 3032, 3036, 3038, 3042, 3043, 3045, 3046, 3048, 3049, 3050, 3051, 3053, 3054, 3055, 3057, 3058, 3059, 3061, 3062, 3064, 3065, 3067, 3068, 3069, 3070, 3071, 3072, 3073, 3075, 3077, 3079, 3082, 3084, 3085, 3086, 3087, 3088, 3089, 3091, 3094, 3095, 3096, 3099, 3100, 3101, 3102, 3105, 3106, 3110, 3111, 3113, 3114, 3115, 3117, 3121, 3122, 3128, 3130, 3133, 3136, 3137, 3138, 3139, 3140, 3141, 3142, 3143, 3144, 3145, 3146, 3147, 3148, 3149, 3150, 3151, 3152, 3155, 3158, 3159, 3160, 3162, 3164, 3165, 3166, 3167, 3169, 3171, 3172, 3174, 3175, 3176, 3177, 3178, 3183, 3184, 3185, 3186, 3188, 3190, 3191, 3192, 3194, 3196, 3198, 3199, 3202, 3204, 3205, 3206, 3208, 3210, 3211, 3212, 3213, 3214, 3215, 3217, 3218, 3219, 3220, 3221, 3222, 3223, 3225, 3226, 3227, 3228, 3229, 3230, 3231, 3232, 3234, 3235, 3236, 3237, 3238, 3239, 3240, 3241, 3242, 3243, 3244, 3245, 3246, 3247, 3248, 3250, 3251, 3253, 3254, 3255, 3256, 3257, 3258, 3259, 3261, 3262, 3263, 3264, 3265, 3266, 3267, 3272, 3273, 3276, 3277, 3278, 3281, 3282, 3285, 3286, 3289, 3290, 3291, 3292, 3294, 3296, 3298, 3299, 3301, 3302, 3303, 3304, 3305, 3306, 3307, 3308, 3312, 3316, 3317, 3318, 3321, 3322, 3323, 3325, 3326, 3327, 3329, 3331, 3332, 3333, 3335, 3337, 3338, 3339, 3340, 3341, 3342, 3344, 3345, 3349, 3351, 3352, 3353, 3354, 3356, 3357, 3358, 3359, 3360, 3361, 3362, 3364, 3366, 3367, 3368, 3370, 3371, 3372, 3373, 3375, 3376, 3379, 3380, 3383, 3386, 3387, 3391, 3392, 3394, 3395, 3396, 3397, 3398, 3399, 3400, 3402, 3403, 3405, 3406, 3407, 3409, 3410, 3411, 3412, 3413, 3416, 3417, 3419, 3421, 3423, 3424, 3425, 3426, 3427, 3428, 3429, 3430, 3432, 3433, 3435, 3436, 3437, 3440, 3441, 3442, 3446, 3448, 3449, 3450, 3451, 3453, 3454, 3456, 3459, 3465, 3466, 3468, 3469, 3472, 3473, 3475, 3477, 3478, 3481, 3482, 3483, 3484, 3486, 3489, 3490, 3491, 3492, 3494, 3495, 3496, 3497, 3501, 3502, 3503, 3506, 3507, 3508, 3509, 3510, 3511, 3515, 3516, 3518, 3519, 3520, 3522, 3525, 3526, 3527, 3528, 3530, 3534, 3535, 3537, 3540, 3541, 3544, 3548, 3549, 3550, 3551, 3553, 3554, 3556, 3557, 3559, 3560, 3562, 3563, 3564, 3565, 3566, 3567, 3568, 3569, 3570, 3571, 3572, 3575, 3578, 3579, 3582, 3583, 3584, 3585, 3586, 3587, 3589, 3590, 3591, 3592, 3594, 3595, 3596, 3597, 3598, 3600, 3602, 3604, 3605, 3606, 3607, 3608, 3609, 3613, 3614, 3615, 3616, 3619, 3620, 3624, 3625, 3628, 3629, 3630, 3633, 3634, 3636, 3638, 3640, 3642, 3643, 3644, 3645, 3646, 3648, 3650, 3651, 3652, 3654, 3655, 3656, 3658, 3659, 3660, 3662, 3663, 3665, 3667, 3668, 3669, 3671, 3672, 3676, 3679, 3681, 3683, 3684, 3685, 3686, 3687, 3689, 3691, 3692, 3693, 3694, 3695, 3696, 3697, 3698, 3699, 3701, 3703, 3705, 3707, 3710, 3711, 3712, 3713, 3714, 3715, 3716, 3717, 3720, 3723, 3726, 3727, 3728, 3729, 3730, 3731, 3733, 3734, 3735, 3736, 3737, 3738, 3740, 3741, 3742, 3743, 3744, 3745, 3747, 3748, 3750, 3755, 3756, 3758, 3764, 3765, 3768, 3769, 3770, 3773, 3776, 3777, 3780, 3782, 3783, 3784, 3786, 3789, 3792, 3793, 3794, 3795, 3796, 3797, 3798, 3799, 3800, 3802, 3803, 3805, 3806, 3807, 3809, 3811, 3819, 3821, 3822, 3824, 3826, 3827, 3829, 3834, 3835, 3836, 3837, 3838, 3839, 3841, 3842, 3844, 3846, 3847, 3848, 3850, 3852, 3853, 3855, 3856, 3857, 3859, 3860, 3861, 3862, 3863, 3864, 3865, 3869, 3870, 3875, 3877, 3878, 3880, 3882, 3886, 3888, 3891, 3893, 3894, 3895, 3897, 3899, 3900, 3902, 3903, 3904, 3905, 3906, 3911, 3912, 3913, 3916, 3918, 3919, 3920, 3921, 3923, 3924, 3925, 3926, 3927, 3928, 3929, 3930, 3932, 3933, 3934, 3935, 3936, 3940, 3941, 3942, 3943, 3944, 3945, 3947, 3948, 3949, 3950, 3951, 3953, 3957, 3959, 3961, 3962, 3963, 3964, 3966, 3968, 3969, 3971, 3973, 3974, 3975, 3976, 3979, 3984, 3986, 3989, 3991, 3992, 3994, 3998, 3999, 4000, 4001, 4002, 4003, 4005, 4006, 4007, 4010, 4011, 4012, 4014, 4015, 4016, 4017, 4018, 4020, 4022, 4024, 4028, 4029, 4032, 4033, 4037, 4038, 4039, 4041, 4042, 4043, 4044, 4045, 4046, 4049, 4050, 4051, 4052, 4055, 4058, 4062, 4065, 4066, 4067, 4069, 4070, 4071, 4072, 4073, 4075, 4077, 4078, 4079, 4080, 4081, 4083, 4084, 4087, 4088, 4090, 4091, 4094, 4095, 4096, 4097, 4098, 4101, 4102, 4103, 4104, 4107, 4108, 4110, 4111, 4112, 4113, 4114, 4115, 4117, 4118, 4119, 4121, 4122, 4123, 4125, 4127, 4128, 4129, 4130, 4132, 4134, 4135, 4136, 4137, 4139, 4140, 4141, 4142, 4143, 4144, 4145, 4146, 4148, 4150, 4152, 4155, 4156, 4157, 4159, 4161, 4162, 4163, 4164, 4165, 4166, 4169, 4170, 4171, 4172, 4174, 4175, 4176, 4179, 4180, 4181, 4182, 4184, 4186, 4188, 4190, 4193, 4194, 4195, 4197, 4199, 4200, 4203, 4204, 4205, 4207, 4208, 4209, 4210, 4211, 4212, 4215, 4217, 4218, 4219, 4220, 4221, 4225, 4226, 4227, 4228, 4229, 4231, 4232, 4233, 4234, 4235, 4236, 4239, 4241, 4242, 4243, 4244, 4248, 4249, 4250, 4253, 4254, 4255, 4257, 4258, 4259, 4260, 4261, 4262, 4263, 4265, 4266, 4267, 4268, 4269, 4272, 4275, 4276, 4279, 4281, 4282, 4283, 4284, 4285, 4286, 4288, 4289, 4296, 4297, 4298, 4302, 4304, 4306, 4307, 4308, 4309, 4312, 4313, 4316, 4320, 4321, 4323, 4324, 4326, 4327, 4330, 4332, 4333, 4334, 4335, 4336, 4338, 4340, 4341, 4342, 4343, 4347, 4349, 4351, 4352, 4354, 4355, 4356, 4357, 4358, 4359, 4362, 4363, 4366, 4367, 4369, 4372, 4373, 4375, 4377, 4380, 4383, 4386, 4387, 4388, 4390, 4391, 4392, 4393, 4394, 4395, 4399, 4400, 4401, 4402, 4403, 4404, 4405, 4406, 4407, 4408, 4412, 4414, 4415, 4416, 4417, 4418, 4421, 4424, 4425, 4426, 4427, 4428, 4429, 4430, 4431, 4433, 4434, 4435, 4436, 4439, 4441, 4444, 4445, 4447, 4448, 4450, 4453, 4455, 4459, 4461, 4462, 4466, 4467, 4474, 4477, 4478, 4479, 4480, 4481, 4482, 4483, 4484, 4486, 4487, 4488, 4489, 4490, 4492, 4493, 4494, 4496, 4498, 4499, 4500, 4501, 4502, 4503, 4504, 4505, 4506, 4510, 4511, 4512, 4513, 4514, 4515, 4517, 4519, 4520, 4522, 4523, 4525, 4526, 4528, 4531, 4532, 4534, 4535, 4537, 4540, 4541, 4543, 4544, 4546, 4547, 4548, 4549, 4550, 4552, 4554, 4555, 4557, 4558, 4560, 4566, 4567, 4569, 4570, 4571, 4574, 4575, 4578, 4579, 4580, 4581, 4584, 4587, 4589, 4591, 4593, 4595, 4596, 4597, 4598, 4602, 4603, 4604, 4605, 4606, 4609, 4611, 4613, 4614, 4615, 4619, 4620, 4621, 4622, 4627, 4629, 4630, 4632, 4633, 4634, 4635, 4636, 4637, 4638, 4639, 4640, 4643, 4644, 4645, 4647, 4648, 4649, 4650, 4651, 4653, 4655, 4656, 4657, 4661, 4662, 4663, 4664, 4665, 4666, 4670, 4671, 4672, 4673, 4675, 4676, 4678, 4679, 4681, 4682, 4684, 4685, 4686, 4687, 4689, 4691, 4692, 4693, 4694, 4695, 4697, 4698, 4700, 4701, 4702, 4704, 4705, 4706, 4707, 4711, 4712, 4719, 4720, 4721, 4722, 4723, 4724, 4725, 4727, 4729, 4732, 4735, 4736, 4739, 4740, 4741, 4742, 4743, 4744, 4745, 4746, 4747, 4748, 4750, 4751, 4752, 4755, 4756, 4759, 4761, 4763, 4764, 4769, 4771, 4772, 4773, 4774, 4775, 4776, 4777, 4778, 4780, 4781, 4783, 4784, 4785, 4788, 4789, 4791, 4794, 4796, 4797, 4798, 4799, 4800, 4801, 4802, 4804, 4805, 4806, 4807, 4810, 4814, 4815, 4816, 4817, 4819, 4820, 4821, 4825, 4827, 4828, 4829, 4830, 4832, 4833, 4835, 4836, 4837, 4838, 4839, 4840, 4842, 4845, 4846, 4847, 4848, 4850, 4852, 4853, 4855, 4856, 4857, 4860, 4861, 4864, 4866, 4867, 4868, 4869, 4870, 4872, 4873, 4874, 4875, 4876, 4877, 4878, 4880, 4881, 4882, 4884, 4885, 4886, 4890, 4891, 4895, 4897, 4898, 4902, 4903, 4905, 4907, 4908, 4909, 4910, 4912, 4914, 4916, 4918, 4919, 4920, 4922, 4925, 4926, 4927, 4928, 4929, 4933, 4934, 4936, 4937, 4938, 4939, 4940, 4941, 4943, 4947, 4949, 4950, 4952, 4955, 4958, 4959, 4960, 4961, 4963, 4964, 4967, 4970, 4971, 4972, 4973, 4974, 4976, 4977, 4980, 4981, 4983, 4985, 4986, 4987, 4988, 4989, 4990, 4991, 4992, 4996, 4997, 4998, 4999, 5000, 5001, 5002, 5003, 5004, 5005, 5007, 5008, 5011, 5012, 5014, 5015, 5016, 5017, 5018, 5019, 5020, 5022, 5023, 5031, 5032, 5034, 5035, 5036, 5037, 5038, 5039, 5040, 5042, 5043, 5044, 5045, 5046, 5047, 5048, 5049, 5051, 5052, 5053, 5054, 5056, 5057, 5058, 5059, 5060, 5061, 5063, 5064, 5068, 5070, 5072, 5074, 5075, 5076, 5077, 5078, 5079, 5080, 5082, 5083, 5086, 5088, 5089, 5090, 5092, 5093, 5094, 5095, 5098, 5100, 5102, 5103, 5104, 5105, 5106, 5107, 5108, 5109, 5111, 5112, 5113, 5115, 5116, 5118, 5120, 5121, 5124, 5126, 5128, 5129, 5130, 5131, 5132, 5134, 5135, 5141, 5144, 5146, 5152, 5155, 5156, 5158, 5159, 5161, 5162, 5163, 5164, 5166, 5169, 5170, 5172, 5173, 5175, 5178, 5180, 5182, 5184, 5185, 5186, 5188, 5190, 5192, 5193, 5194, 5195, 5198, 5199, 5200, 5201, 5202, 5203, 5204, 5205, 5208, 5209, 5212, 5213, 5215, 5216, 5217, 5218, 5219, 5220, 5222, 5225, 5228, 5229, 5232, 5233, 5235, 5236, 5238, 5239, 5240, 5241, 5243, 5246, 5248, 5249, 5250, 5251, 5252, 5253, 5254, 5255, 5256, 5260, 5261, 5262, 5265, 5266, 5267, 5269, 5270, 5271, 5273, 5274, 5275, 5276, 5278, 5279, 5281, 5284, 5285, 5286, 5288, 5289, 5291, 5295, 5296, 5298, 5299, 5300, 5301, 5302, 5303, 5304, 5305, 5306, 5307, 5308, 5310, 5311, 5313, 5314, 5318, 5319, 5320, 5321, 5322, 5323, 5324, 5326, 5327, 5328, 5329, 5331, 5332, 5333, 5334, 5336, 5337, 5338, 5339, 5341, 5342, 5344, 5345, 5346, 5347, 5349, 5350, 5351, 5352, 5353, 5354, 5356, 5358, 5359, 5360, 5362, 5364, 5365, 5366, 5369, 5371, 5372, 5374, 5375, 5376, 5377, 5378, 5382, 5383, 5385, 5386, 5387, 5388, 5389, 5390, 5391, 5393, 5395, 5397, 5400, 5402, 5403, 5404, 5405, 5406, 5408, 5409, 5411, 5412, 5413, 5414, 5416, 5419, 5420, 5422, 5423, 5424, 5425, 5430, 5431, 5432, 5433, 5434, 5436, 5437, 5438, 5439, 5440, 5441, 5442, 5443, 5444, 5448, 5449, 5450, 5451, 5454, 5455, 5458, 5459, 5460, 5461, 5462, 5464, 5468, 5469, 5470, 5472, 5473, 5474, 5477, 5478, 5479, 5480, 5484, 5485, 5486, 5488, 5489, 5492, 5494, 5495, 5496, 5497, 5498, 5499, 5501, 5502, 5506, 5508, 5509, 5510, 5511, 5512, 5513, 5514, 5515, 5516, 5517, 5518, 5519, 5521, 5524, 5525, 5526, 5527, 5528, 5529, 5530, 5531, 5532, 5533, 5537, 5539, 5542, 5544, 5545, 5546, 5548, 5549, 5550, 5552, 5553, 5554, 5556, 5560, 5562, 5564, 5565, 5566, 5567, 5568, 5571, 5575, 5576, 5577, 5579, 5580, 5583, 5586, 5587, 5588, 5590, 5592, 5594, 5595, 5596, 5598, 5600, 5601, 5602, 5604, 5608, 5610, 5611, 5612, 5615, 5616, 5617, 5618, 5620, 5624, 5627, 5628, 5629, 5630, 5631, 5632, 5636, 5637, 5638, 5641, 5647, 5649, 5650, 5652, 5653, 5654, 5655, 5656, 5657, 5658, 5660, 5664, 5665, 5666, 5667, 5668, 5669, 5672, 5673, 5674, 5675, 5677, 5680, 5681, 5683, 5685, 5686, 5687, 5689, 5690, 5692, 5693, 5694, 5695, 5697, 5700, 5702, 5703, 5704, 5706, 5708, 5711, 5712, 5713, 5714, 5716, 5719, 5720, 5721, 5722, 5723, 5724, 5725, 5729, 5733, 5734, 5735, 5737, 5738, 5739, 5740, 5741, 5743, 5744, 5745, 5746, 5747, 5749, 5752, 5755, 5756, 5757, 5758, 5759, 5760, 5761, 5767, 5771, 5772, 5773, 5774, 5775, 5776, 5777, 5780, 5782, 5784, 5785, 5788, 5789, 5792, 5794, 5795, 5796, 5797, 5801, 5803, 5805, 5807, 5809, 5810, 5811, 5816, 5818, 5819, 5820, 5821, 5822, 5826, 5827, 5829, 5830, 5836, 5838, 5842, 5844, 5846, 5848, 5851, 5852, 5853, 5854, 5855, 5856, 5859, 5860, 5861, 5862, 5865, 5866, 5868, 5870, 5871, 5873, 5875, 5876, 5877, 5879, 5880, 5881, 5882, 5884, 5887, 5888, 5889, 5890, 5892, 5894, 5895, 5896, 5899, 5900, 5901, 5902, 5904, 5905, 5907, 5908, 5909, 5912, 5913, 5914, 5915, 5916, 5917, 5920, 5921, 5922, 5923, 5924, 5925, 5927, 5929, 5930, 5931, 5932, 5933, 5934, 5935, 5940, 5943, 5944, 5945, 5946, 5947, 5948, 5951, 5952, 5953, 5954, 5955, 5956, 5961, 5962, 5963, 5965, 5967, 5969, 5970, 5971, 5972, 5974, 5975, 5976, 5977, 5978, 5979, 5980, 5982, 5985, 5986, 5987, 5990, 5994, 5996, 5997, 5999, 6001, 6002, 6003, 6004, 6005, 6007, 6008, 6010, 6011, 6012, 6014, 6015, 6017, 6018, 6019, 6022, 6023, 6024, 6025, 6026, 6027, 6028, 6029, 6030, 6031, 6032, 6033, 6034, 6037, 6038, 6039, 6041, 6043, 6044, 6045, 6046, 6047, 6049, 6050, 6052, 6053, 6054, 6055, 6056, 6057, 6058, 6061, 6063, 6064, 6068, 6069, 6070, 6072, 6073, 6074, 6076, 6077, 6078, 6080, 6081, 6082, 6083, 6086, 6087, 6090, 6091, 6094, 6096, 6098, 6100, 6101, 6102, 6103, 6105, 6108, 6109, 6110, 6113, 6114, 6115, 6122, 6123, 6124, 6125, 6129, 6130, 6133, 6134, 6137, 6138, 6139, 6140, 6143, 6144, 6145, 6146, 6147, 6148, 6151, 6154, 6155, 6156, 6157, 6158, 6159, 6160, 6162, 6163, 6164, 6165, 6166, 6169, 6173, 6174, 6176, 6177, 6181, 6182, 6184, 6185, 6186, 6187, 6189, 6190, 6191, 6192, 6193, 6194, 6198, 6199, 6200, 6201, 6202, 6204, 6205, 6206, 6208, 6209, 6210, 6212, 6215, 6217, 6218, 6220, 6221, 6223, 6224, 6225, 6226, 6228, 6230, 6231, 6232, 6234, 6235, 6238, 6239, 6242, 6243, 6244, 6245, 6247, 6248, 6250, 6251, 6253, 6256, 6257, 6258, 6260, 6262, 6264, 6265, 6266, 6267, 6269, 6271, 6272, 6273, 6274, 6275, 6276, 6278, 6279, 6280, 6282, 6283, 6289, 6292, 6295, 6297, 6301, 6303, 6304, 6306, 6307, 6309, 6310, 6311, 6312, 6314, 6315, 6316, 6317, 6320, 6321, 6322, 6323, 6324, 6325, 6326, 6327, 6328, 6329, 6330, 6331, 6334, 6338, 6339, 6342, 6343, 6344, 6345, 6347, 6348, 6349, 6351, 6352, 6353, 6354, 6355, 6356, 6357, 6358, 6359, 6360, 6362, 6364, 6366, 6367, 6368, 6369, 6374, 6375, 6378, 6379, 6380, 6382, 6384, 6389, 6390, 6392, 6393, 6394, 6395, 6397, 6398, 6399, 6401, 6402, 6403, 6404, 6405, 6406, 6407, 6408, 6411, 6412, 6413, 6414, 6417, 6419, 6420, 6421, 6423, 6424, 6425, 6426, 6428, 6429, 6430, 6431, 6432, 6434, 6435, 6436, 6439, 6440, 6442, 6444, 6445, 6446, 6447, 6449, 6451, 6452, 6454, 6455, 6456, 6458, 6459, 6461, 6463, 6464, 6466, 6467, 6470, 6471, 6472, 6474, 6475, 6476, 6478, 6479, 6480, 6482, 6485, 6486, 6489, 6490, 6491, 6492, 6495, 6496, 6497, 6498, 6500, 6505, 6506, 6508, 6512, 6513, 6514, 6515, 6516, 6519, 6520, 6523, 6524, 6526, 6527, 6532, 6533, 6537, 6539, 6540, 6541, 6542, 6544, 6545, 6546, 6551, 6552, 6553, 6556, 6557, 6562, 6564, 6565, 6566, 6567, 6568, 6570, 6577, 6578, 6579, 6582, 6583, 6588, 6589, 6591, 6593, 6594, 6597, 6600, 6603, 6604, 6605, 6607, 6608, 6609, 6614, 6617, 6618, 6619, 6620, 6622, 6625, 6626, 6627, 6628, 6631, 6633, 6634, 6635, 6636, 6637, 6641, 6644, 6646, 6649, 6651, 6652, 6653, 6654, 6660, 6663, 6664, 6665, 6668, 6669, 6670, 6671, 6672, 6673, 6674, 6677, 6679, 6680, 6681, 6683, 6687, 6688, 6691, 6692, 6693, 6694, 6696, 6698, 6699, 6704, 6705, 6706, 6708, 6709, 6710, 6714, 6716, 6718, 6719, 6721, 6722, 6723, 6724, 6725, 6726, 6729, 6733, 6734, 6735, 6736, 6737, 6738, 6739, 6741, 6742, 6743, 6744, 6745, 6746, 6748, 6749, 6752, 6753, 6754, 6758, 6759, 6762, 6763, 6764, 6765, 6767, 6768, 6769, 6770, 6771, 6772, 6773, 6775, 6777, 6778, 6780, 6781, 6782, 6784, 6786, 6788, 6790, 6791, 6792, 6793, 6794, 6795, 6797, 6800, 6801, 6802, 6806, 6808, 6810, 6811, 6812, 6813, 6814, 6815, 6817, 6819, 6821, 6822, 6823, 6824, 6825, 6826, 6827, 6828, 6829, 6830, 6831, 6832, 6833, 6834, 6837, 6839, 6842, 6845, 6846, 6847, 6848, 6849, 6850, 6851, 6852, 6854, 6855, 6857, 6858, 6859, 6862, 6863, 6864, 6865, 6866, 6867, 6868, 6869, 6870, 6871, 6873, 6874, 6876, 6877, 6880, 6881, 6882, 6883, 6884, 6886, 6887, 6888, 6889, 6890, 6891, 6893, 6896, 6897, 6899, 6902, 6903, 6904, 6906, 6907, 6909, 6911, 6912, 6914, 6916, 6917, 6919, 6921, 6922, 6923, 6924, 6926, 6928, 6929, 6932, 6933, 6934, 6936, 6940, 6941, 6948, 6950, 6953, 6955, 6959, 6961, 6963, 6964, 6967, 6971, 6975, 6977, 6978, 6979, 6980, 6981, 6982, 6983, 6985, 6987, 6988, 6990, 6991, 6994, 6995, 6996, 6998, 6999, 7000, 7002, 7003, 7004, 7005, 7006, 7007, 7008, 7010, 7011, 7014, 7015, 7016, 7017, 7019, 7020, 7021, 7022, 7023, 7025, 7031, 7032, 7034, 7035, 7036, 7039, 7040, 7041, 7043, 7044, 7046, 7047, 7049, 7050, 7051, 7052, 7053, 7057, 7058, 7059, 7064, 7065, 7067, 7068, 7069, 7073, 7074, 7075, 7077, 7078, 7080, 7082, 7083, 7084, 7086, 7087, 7088, 7089, 7092, 7095, 7096, 7097, 7101, 7102, 7103, 7104, 7105, 7106, 7108, 7110, 7112, 7113, 7115, 7116, 7117, 7118, 7119, 7120, 7121, 7123, 7124, 7125, 7126, 7129, 7131, 7133, 7134, 7136, 7137, 7138, 7139, 7142, 7144, 7145, 7147, 7149, 7151, 7152, 7153, 7154, 7155, 7156, 7157, 7159, 7160, 7161, 7162, 7163, 7164, 7166, 7168, 7169, 7170, 7171, 7173, 7174, 7175, 7176, 7177, 7179, 7180, 7182, 7184, 7185, 7186, 7189, 7191, 7192, 7193, 7194, 7195, 7198, 7199, 7202, 7203, 7206, 7208, 7210, 7211, 7212, 7214, 7215, 7219, 7220, 7221, 7222, 7224, 7225, 7227, 7228, 7231, 7232, 7233, 7236, 7237, 7238, 7239, 7240, 7241, 7244, 7245, 7246, 7249, 7251, 7252, 7253, 7254, 7257, 7258, 7259, 7260, 7263, 7267, 7270, 7272, 7273, 7274, 7276, 7278, 7279, 7282, 7283, 7285, 7286, 7287, 7289, 7290, 7291, 7293, 7297, 7299, 7300, 7303, 7304, 7307, 7308, 7310, 7312, 7313, 7314, 7315, 7317, 7318, 7321, 7322, 7325, 7326, 7327, 7330, 7331, 7332, 7334, 7335, 7336, 7338, 7339, 7340, 7341, 7344, 7345, 7346, 7350, 7351, 7353, 7354, 7355, 7358, 7359, 7361, 7362, 7364, 7370, 7371, 7372, 7373, 7376, 7377, 7378, 7379, 7380, 7381, 7382, 7383, 7385, 7388, 7389, 7390, 7392, 7393, 7394, 7395, 7396, 7397, 7399, 7402, 7403, 7404, 7405, 7406, 7407, 7409, 7410, 7411, 7412, 7414, 7415, 7416, 7417, 7418, 7419, 7420, 7421, 7422, 7423, 7424, 7425, 7426, 7427, 7428, 7430, 7431, 7432, 7434, 7435, 7437, 7440, 7442, 7443, 7444, 7445, 7446, 7447, 7448, 7449, 7451, 7453, 7454, 7456, 7457, 7459, 7462, 7464, 7466, 7472, 7473, 7474, 7477, 7478, 7479, 7480, 7485, 7487, 7489, 7491, 7492, 7493, 7494, 7495, 7496, 7497, 7498, 7499, 7500, 7501, 7502, 7503, 7504, 7505, 7507, 7508, 7511, 7512, 7513, 7517, 7520, 7521, 7522, 7523, 7524, 7525, 7527, 7528, 7529, 7530, 7531, 7532, 7536, 7537, 7538, 7539, 7541, 7545, 7547, 7548, 7549, 7550, 7554, 7555, 7557, 7559, 7560, 7563, 7565, 7567, 7569, 7570, 7572, 7573, 7574, 7575, 7578, 7580, 7583, 7586, 7587, 7589, 7590, 7591, 7593, 7594, 7595, 7596, 7598, 7599, 7600, 7602, 7604, 7607, 7608, 7609, 7610, 7611, 7612, 7615, 7616, 7617, 7618, 7619, 7621, 7623, 7624, 7627, 7628, 7629, 7630, 7631, 7632, 7633, 7634, 7636, 7637, 7638, 7639, 7640, 7641, 7642, 7643, 7644, 7646, 7648, 7651, 7654, 7655, 7656, 7657, 7659, 7662, 7663, 7664, 7666, 7667, 7669, 7671, 7672, 7673, 7674, 7675, 7676, 7677, 7679, 7680, 7681, 7682, 7686, 7688, 7693, 7694, 7695, 7696, 7698, 7699, 7701, 7703, 7704, 7708, 7709, 7710, 7711, 7712, 7714, 7715, 7718, 7723, 7724, 7726, 7727, 7728, 7729, 7730, 7734, 7736, 7737, 7738, 7740, 7741, 7743, 7745, 7747, 7750, 7751, 7752, 7753, 7754, 7759, 7760, 7761, 7763, 7764, 7765, 7766, 7769, 7771, 7772, 7773, 7774, 7775, 7776, 7778, 7779, 7783, 7784, 7786, 7789, 7790, 7792, 7793, 7797, 7799, 7802, 7803, 7804, 7805, 7806, 7807, 7808, 7809, 7810, 7813, 7814, 7815, 7816, 7819, 7821, 7823, 7824, 7825, 7826, 7829, 7833, 7834, 7835, 7837, 7838, 7841, 7842, 7844, 7847, 7852, 7855, 7859, 7860, 7861, 7862, 7863, 7867, 7869, 7872, 7876, 7877, 7878, 7879, 7882, 7884, 7885, 7886, 7887, 7889, 7890, 7891, 7892, 7893, 7895, 7901, 7902, 7903, 7905, 7910, 7911, 7912, 7913, 7916, 7917, 7918, 7921, 7922, 7923, 7926, 7927, 7928, 7931, 7932, 7933, 7937, 7938, 7939, 7940, 7941, 7942, 7944, 7948, 7949, 7950, 7951, 7955, 7956, 7959, 7961, 7962, 7963, 7965, 7966, 7968, 7970, 7974, 7976, 7977, 7979, 7982, 7983, 7985, 7986, 7987, 7988, 7989, 7990, 7991, 7993, 7995, 7996, 7997, 7998, 7999, 8001, 8005, 8009, 8011, 8012, 8013, 8016, 8019, 8020, 8021, 8022, 8023, 8025, 8026, 8027, 8029, 8033, 8034, 8035, 8036, 8039, 8043, 8044, 8045, 8046, 8048, 8049, 8050, 8051, 8052, 8053, 8054, 8055, 8056, 8057, 8058, 8059, 8060, 8063, 8064, 8065, 8066, 8067, 8068, 8069, 8070, 8071, 8072, 8073, 8074, 8076, 8077, 8078, 8081, 8082, 8084, 8087, 8091, 8093, 8094, 8095, 8097, 8098, 8099, 8100, 8101, 8102, 8104, 8105, 8106, 8109, 8110, 8112, 8113, 8114, 8115, 8117, 8119, 8120, 8123, 8124, 8125, 8127, 8128, 8129, 8130, 8136, 8137, 8138, 8139, 8140, 8141, 8142, 8143, 8145, 8147, 8148, 8149, 8152, 8155, 8157, 8158, 8161, 8162, 8163, 8166, 8167, 8168, 8170, 8171, 8172, 8174, 8175, 8176, 8177, 8179, 8182, 8183, 8188, 8189, 8190, 8191, 8192, 8193, 8194, 8195, 8196, 8197, 8198, 8199, 8202, 8203, 8204, 8205, 8206, 8207, 8208, 8209, 8210, 8211, 8212, 8213, 8214, 8215, 8216, 8217, 8219, 8220, 8221, 8222, 8224, 8226, 8227, 8229, 8231, 8232, 8233, 8234, 8235, 8236, 8237, 8239, 8241, 8242, 8243, 8244, 8245, 8247, 8248, 8249, 8250, 8251, 8252, 8253, 8254, 8256, 8257, 8258, 8259, 8260, 8261, 8262, 8263, 8265, 8266, 8267, 8268, 8271, 8272, 8275, 8276, 8277, 8278, 8279, 8281, 8283, 8284, 8286, 8287, 8288, 8289, 8290, 8291, 8292, 8294, 8297, 8298, 8299, 8301, 8302, 8304, 8305, 8306, 8307, 8310, 8316, 8318, 8319, 8320, 8321, 8322, 8324, 8327, 8328, 8329, 8330, 8331, 8332, 8333, 8334, 8335, 8336, 8338, 8339, 8340, 8342, 8344, 8345, 8346, 8347, 8348, 8349, 8350, 8351, 8355, 8356, 8357, 8358, 8359, 8361, 8362, 8366, 8368, 8369, 8370, 8371, 8373, 8374, 8375, 8378, 8379, 8380, 8383, 8384, 8385, 8386, 8387, 8389, 8390, 8391, 8392, 8393, 8394, 8395, 8397, 8402, 8403, 8405, 8407, 8409, 8410, 8411, 8415, 8416, 8417, 8418, 8419, 8421, 8423, 8424, 8425, 8426, 8427, 8430, 8431, 8432, 8433, 8434, 8436, 8437, 8438, 8439, 8442, 8444, 8445, 8447, 8449, 8450, 8451, 8452, 8457, 8458, 8459, 8460, 8461, 8462, 8464, 8467, 8468, 8469, 8471, 8472, 8474, 8476, 8477, 8478, 8479, 8480, 8481, 8482, 8483, 8486, 8489, 8490, 8491, 8492, 8493, 8494, 8495, 8496, 8501, 8502, 8504, 8507, 8508, 8511, 8512, 8513, 8515, 8516, 8517, 8519, 8520, 8521, 8522, 8523, 8524, 8525, 8527, 8528, 8529, 8530, 8531, 8532, 8535, 8539, 8540, 8543, 8546, 8547, 8548, 8549, 8550, 8551, 8556, 8557, 8558, 8562, 8563, 8564, 8565, 8566, 8567, 8568, 8569, 8570, 8571, 8573, 8574, 8575, 8577, 8578, 8579, 8584, 8585, 8587, 8588, 8590, 8592, 8593, 8595, 8596, 8597, 8599, 8600, 8603, 8605, 8606, 8607, 8608, 8609, 8610, 8611, 8616, 8617, 8618, 8619, 8620, 8621, 8622, 8623, 8625, 8626, 8627, 8630, 8631, 8632, 8633, 8634, 8635, 8637, 8639, 8640, 8642, 8644, 8647, 8648, 8649, 8650, 8651, 8654, 8655, 8656, 8657, 8659, 8661, 8664, 8665, 8667, 8671, 8672, 8673, 8674, 8675, 8676, 8677, 8678, 8679, 8682, 8683, 8685, 8688, 8690, 8691, 8693, 8694, 8696, 8697, 8698, 8699, 8700, 8701, 8704, 8710, 8711, 8713, 8715, 8716, 8719, 8721, 8723, 8725, 8726, 8729, 8731, 8732, 8733, 8734, 8735, 8737, 8740, 8741, 8742, 8744, 8745, 8746, 8747, 8748, 8749, 8751, 8752, 8753, 8755, 8756, 8757, 8759, 8760, 8761, 8762, 8763, 8766, 8767, 8768, 8769, 8770, 8771, 8772, 8773, 8775, 8776, 8777, 8779, 8780, 8781, 8782, 8787, 8788, 8790, 8791, 8794, 8796, 8797, 8798, 8799, 8800, 8801, 8804, 8805, 8806, 8807, 8808, 8809, 8810, 8811, 8814, 8815, 8816, 8819, 8820, 8821, 8822, 8826, 8827, 8828, 8829, 8831, 8834, 8835, 8836, 8838, 8840, 8841, 8842, 8844, 8847, 8850, 8851, 8854, 8855, 8856, 8858, 8859, 8860, 8864, 8865, 8866, 8867, 8868, 8869, 8870, 8871, 8873, 8878, 8879, 8880, 8881, 8882, 8883, 8884, 8885, 8887, 8892, 8893, 8894, 8896, 8898, 8902, 8903, 8904, 8905, 8907, 8908, 8909, 8910, 8911, 8913, 8919, 8920, 8921, 8922, 8923, 8924, 8926, 8927, 8929, 8931, 8932, 8933, 8934, 8935, 8936, 8937, 8938, 8939, 8942, 8943, 8945, 8946, 8948, 8950, 8951, 8952, 8953, 8954, 8955, 8956, 8958, 8959, 8960, 8962, 8963, 8964, 8966, 8967, 8969, 8971, 8972, 8973, 8974, 8975, 8976, 8977, 8978, 8979, 8980, 8981, 8982, 8983, 8985, 8986, 8988, 8989, 8990, 8992, 8994, 8996, 8998, 9000, 9001, 9003, 9005, 9006, 9008, 9010, 9012, 9013, 9015, 9016, 9017, 9018, 9019, 9020, 9021, 9022, 9023, 9026, 9028, 9030, 9031, 9034, 9035, 9038, 9039, 9040, 9041, 9042, 9043, 9044, 9046, 9047, 9049, 9050, 9051, 9052, 9054, 9055, 9057, 9059, 9060, 9063, 9064, 9065, 9067, 9068, 9069, 9070, 9071, 9072, 9073, 9074, 9076, 9077, 9079, 9081, 9084, 9086, 9087, 9088, 9090, 9092, 9093, 9094, 9095, 9096, 9097, 9098, 9101, 9102, 9105, 9108, 9109, 9110, 9111, 9112, 9114, 9115, 9117, 9118, 9121, 9122, 9123, 9128, 9129, 9130, 9131, 9132, 9134, 9135, 9136, 9137, 9138, 9139, 9140, 9141, 9143, 9144, 9145, 9146, 9147, 9148, 9149, 9150, 9153, 9158, 9160, 9161, 9162, 9163, 9164, 9165, 9166, 9167, 9168, 9169, 9170, 9171, 9172, 9174, 9175, 9177, 9178, 9183, 9185, 9187, 9188, 9189, 9190, 9191, 9192, 9193, 9194, 9197, 9198, 9201, 9204, 9205, 9206, 9209, 9210, 9211, 9212, 9213, 9214, 9219, 9220, 9224, 9226, 9228, 9229, 9230, 9231, 9232, 9233, 9236, 9237, 9238, 9239, 9240, 9241, 9242, 9243, 9244, 9246, 9248, 9250, 9251, 9252, 9254, 9255, 9257, 9259, 9260, 9261, 9262, 9266, 9267, 9268, 9270, 9272, 9274, 9275, 9276, 9278, 9281, 9282, 9284, 9285, 9289, 9290, 9291, 9292, 9294, 9295, 9299, 9300, 9301, 9303, 9304, 9306, 9307, 9310, 9311, 9312, 9313, 9315, 9318, 9319, 9320, 9321, 9323, 9324, 9326, 9327, 9328, 9329, 9330, 9331, 9332, 9333, 9334, 9335, 9336, 9337, 9340, 9341, 9343, 9344, 9345, 9347, 9348, 9349, 9350, 9353, 9355, 9357, 9358, 9359, 9360, 9361, 9363, 9364, 9365, 9366, 9367, 9368, 9369, 9372, 9373, 9374, 9376, 9377, 9381, 9383, 9384, 9385, 9388, 9390, 9392, 9393, 9394, 9395, 9397, 9400, 9401, 9403, 9404, 9406, 9408, 9409, 9410, 9411, 9412, 9413, 9414, 9415, 9416, 9418, 9420, 9421, 9424, 9426, 9428, 9429, 9431, 9432, 9433, 9434, 9437, 9440, 9441, 9442, 9443, 9444, 9446, 9447, 9449, 9451, 9452, 9453, 9454, 9455, 9457, 9458, 9459, 9460, 9462, 9464, 9465, 9467, 9468, 9472, 9473, 9474, 9477, 9479, 9480, 9481, 9484, 9486, 9488, 9489, 9490, 9491, 9492, 9494, 9495, 9497, 9498, 9499, 9500, 9501, 9502, 9503, 9504, 9505, 9506, 9507, 9508, 9511, 9512, 9514, 9515, 9516, 9517, 9519, 9520, 9521, 9523, 9524, 9526, 9528, 9530, 9532, 9534, 9536, 9537, 9538, 9539, 9540, 9541, 9543, 9544, 9545, 9546, 9548, 9550, 9551, 9552, 9553, 9554, 9555, 9556, 9557, 9558, 9559, 9561, 9562, 9563, 9564, 9565, 9566, 9567, 9568, 9569, 9570, 9574, 9575, 9577, 9578, 9579, 9580, 9581, 9583, 9584, 9585, 9589, 9592, 9593, 9594, 9599, 9600, 9601, 9602, 9603, 9604, 9605, 9610, 9611, 9612, 9613, 9614, 9615, 9616, 9622, 9625, 9626, 9628, 9630, 9631, 9632, 9633, 9634, 9636, 9637, 9638, 9640, 9641, 9642, 9645, 9646, 9647, 9648, 9649, 9650, 9652, 9654, 9656, 9657, 9658, 9659, 9660, 9662, 9665, 9666, 9667, 9668, 9669, 9671, 9672, 9673, 9674, 9675, 9676, 9677, 9678, 9679, 9680, 9683, 9684, 9685, 9686, 9687, 9690, 9691, 9692, 9693, 9694, 9697, 9700, 9702, 9703, 9704, 9705, 9706, 9709, 9711, 9714, 9715, 9719, 9720, 9721, 9722, 9723, 9724, 9725, 9726, 9728, 9730, 9731, 9732, 9736, 9741, 9742, 9744, 9746, 9748, 9749, 9751, 9752, 9753, 9754, 9755, 9757, 9758, 9759, 9760, 9761, 9762, 9763, 9764, 9765, 9767, 9768, 9769, 9770, 9771, 9772, 9773, 9778, 9780, 9781, 9784, 9785, 9789, 9792, 9793, 9795, 9796, 9798, 9800, 9803, 9805, 9806, 9808, 9811, 9812, 9813, 9815, 9817, 9820, 9821, 9823, 9824, 9825, 9826, 9827, 9829, 9831, 9836, 9837, 9838, 9839, 9840, 9842, 9843, 9845, 9846, 9847, 9848, 9850, 9851, 9853, 9855, 9856, 9857, 9858, 9859, 9861, 9862, 9864, 9866, 9867, 9872, 9874, 9875, 9880, 9882, 9883, 9885, 9886, 9890, 9893, 9894, 9895, 9896, 9897, 9898, 9899, 9902, 9903, 9908, 9909, 9910, 9913, 9915, 9916, 9918, 9919, 9920, 9921, 9922, 9924, 9925, 9927, 9928, 9929, 9931, 9932, 9933, 9934, 9935, 9936, 9937, 9938, 9940, 9941, 9942, 9943, 9944, 9946, 9947, 9949, 9950, 9951, 9953, 9954, 9955, 9956, 9957, 9958, 9959, 9961, 9963, 9965, 9967, 9968, 9970, 9972, 9976, 9977, 9979, 9981, 9982, 9985, 9986, 9987, 9988, 9993, 9995, 9996, 9997, 9998, 10000, 10002, 10004, 10006, 10007, 10008, 10009, 10010, 10011, 10012, 10014, 10015, 10016, 10017, 10019, 10020, 10021, 10023, 10027, 10028, 10031, 10032, 10035, 10036, 10037, 10039, 10040, 10042, 10043, 10044, 10046, 10048, 10050, 10052, 10053, 10054, 10055, 10056, 10057, 10059, 10061, 10062, 10064, 10067, 10068, 10070, 10071, 10072, 10073, 10074, 10077, 10078, 10079, 10081, 10082, 10083, 10084, 10085, 10086, 10087, 10088, 10089, 10090, 10091, 10092, 10093, 10094, 10095, 10097, 10098, 10100, 10101, 10102, 10103, 10105, 10107, 10109, 10111, 10112, 10114, 10115, 10116, 10119, 10123, 10126, 10127, 10128, 10129, 10131, 10132, 10135, 10136, 10139, 10141, 10146, 10147, 10148, 10151, 10152, 10153, 10154, 10155, 10156, 10157, 10159, 10161, 10162, 10163, 10164, 10166, 10167, 10169, 10170, 10172, 10175, 10176, 10177, 10178, 10180, 10182, 10183, 10186, 10188, 10191, 10194, 10195, 10196, 10198, 10199, 10200, 10202, 10203, 10205, 10206, 10207, 10210, 10212, 10213, 10214, 10215, 10216, 10217, 10218, 10220, 10221, 10222, 10223, 10225, 10227, 10228, 10229, 10230, 10231, 10232, 10234, 10235, 10236, 10237, 10240, 10241, 10243, 10246, 10247, 10248, 10251, 10252, 10254, 10255, 10256, 10257, 10258, 10259, 10260, 10261, 10262, 10265, 10266, 10267, 10268, 10269, 10271, 10274, 10275, 10277, 10278, 10279, 10281, 10284, 10285, 10286, 10290, 10291, 10292, 10293, 10294, 10297, 10298, 10299, 10301, 10303, 10305, 10306, 10307, 10308, 10309, 10311, 10312, 10313, 10316, 10317, 10318, 10319, 10323, 10327, 10329, 10330, 10332, 10333, 10335, 10336, 10337, 10338, 10339, 10340, 10342, 10343, 10344, 10345, 10346, 10347, 10348, 10350, 10351, 10356, 10357, 10358, 10359, 10361, 10362, 10364, 10366, 10367, 10368, 10369, 10370, 10372, 10373, 10374, 10375, 10376, 10377, 10378, 10381, 10383, 10384, 10385, 10386, 10387, 10388, 10392, 10394, 10395, 10398, 10399, 10400, 10401, 10402, 10405, 10406, 10407, 10408, 10413, 10415, 10416, 10417, 10418, 10420, 10421, 10424, 10425, 10426, 10427, 10428, 10429, 10431, 10432, 10434, 10435, 10436, 10437, 10438, 10440, 10441, 10444, 10445, 10446, 10447, 10449, 10451, 10452, 10456, 10457, 10459, 10461, 10463, 10467, 10468, 10469, 10470, 10474, 10478, 10480, 10481, 10483, 10484, 10485, 10487, 10488, 10492, 10494, 10495, 10496, 10497, 10498, 10499, 10500, 10502, 10503, 10504, 10505, 10506, 10507, 10510, 10511, 10512, 10513, 10514, 10515, 10516, 10518, 10519, 10522, 10523, 10525, 10526, 10528, 10531, 10532, 10533, 10534, 10535, 10536, 10537, 10538, 10539, 10541, 10544, 10545, 10547, 10548, 10550, 10552, 10553, 10554, 10555, 10556, 10557, 10559, 10561, 10562, 10563, 10566, 10567, 10568, 10569, 10571, 10572, 10573, 10574, 10576, 10577, 10578, 10579, 10580, 10582, 10584, 10586, 10587, 10588, 10589, 10591, 10592, 10593, 10595, 10596, 10597, 10599, 10601, 10602, 10604, 10605, 10606, 10607, 10608, 10609, 10610, 10611, 10612, 10613, 10614, 10616, 10619, 10620, 10624, 10626, 10628, 10629, 10631, 10632, 10633, 10635, 10636, 10637, 10640, 10643, 10644, 10646, 10647, 10648, 10649, 10650, 10651, 10654, 10656, 10657, 10658, 10659, 10660, 10661, 10662, 10664, 10665, 10666, 10667, 10668, 10669, 10670, 10672, 10673, 10675, 10676, 10677, 10679, 10680, 10682, 10683, 10684, 10686, 10688, 10689, 10690, 10691, 10694, 10695, 10696, 10698, 10700, 10701, 10702, 10704, 10706, 10709, 10710, 10712, 10713, 10714, 10717, 10718, 10720, 10722, 10728, 10729, 10730, 10731, 10733, 10734, 10737, 10738, 10740, 10741, 10743, 10744, 10746, 10747, 10748, 10750, 10751, 10752, 10755, 10756, 10758, 10759, 10760, 10763, 10764, 10765, 10766, 10769, 10772, 10774, 10775, 10776, 10777, 10779, 10783, 10785, 10786, 10791, 10792, 10793, 10794, 10796, 10798, 10799, 10800, 10801, 10803, 10805, 10806, 10808, 10809, 10812, 10813, 10814, 10815, 10818, 10819, 10820, 10823, 10824, 10826, 10828, 10829, 10830, 10835, 10836, 10838, 10839, 10841, 10843, 10844, 10845, 10846, 10847, 10848, 10849, 10851, 10852, 10853, 10854, 10856, 10857, 10858, 10860, 10863, 10865, 10868, 10869, 10870, 10871, 10873, 10875, 10879, 10880, 10881, 10882, 10883, 10885, 10886, 10888, 10889, 10892, 10893, 10896, 10897, 10900, 10902, 10905, 10906, 10907, 10908, 10909, 10910, 10912, 10913, 10914, 10919, 10920, 10924, 10925, 10926, 10930, 10932, 10935, 10936, 10937, 10940, 10942, 10943, 10944, 10945, 10948, 10949, 10950, 10951, 10953, 10954, 10955, 10956, 10958, 10960, 10961, 10966, 10968, 10971, 10975, 10976, 10978, 10979, 10981, 10982, 10983, 10984, 10985, 10991, 10992, 10994, 10995, 10996, 10997, 11000, 11003, 11005, 11006, 11007, 11008, 11009, 11013, 11015, 11016, 11017, 11018, 11019, 11020, 11022, 11025, 11026, 11027, 11028, 11032, 11033, 11035, 11036, 11037, 11038, 11039, 11040, 11041, 11042, 11043, 11044, 11045, 11050, 11051, 11055, 11057, 11059, 11060, 11061, 11062, 11063, 11067, 11072, 11075, 11077, 11078, 11080, 11081, 11082, 11083, 11084, 11085, 11087, 11088, 11089, 11090, 11091, 11092, 11093, 11094, 11095, 11097, 11098, 11100, 11101, 11102, 11104, 11105, 11108, 11110, 11113, 11114, 11115, 11117, 11118, 11122, 11125, 11126, 11127, 11131, 11134, 11135, 11136, 11137, 11138, 11139, 11140, 11142, 11143, 11144, 11145, 11146, 11147, 11150, 11151, 11152, 11155, 11156, 11157, 11159, 11160, 11162, 11164, 11165, 11166, 11168, 11169, 11172, 11173, 11174, 11178, 11179, 11180, 11181, 11182, 11183, 11185, 11186, 11187, 11189, 11190, 11191, 11192, 11193, 11195, 11196, 11197, 11199, 11200, 11204, 11205, 11206, 11207, 11208, 11209, 11210, 11211, 11213, 11214, 11215, 11216, 11217, 11218, 11220, 11222, 11223, 11225, 11233, 11234, 11236, 11237, 11238, 11239, 11240, 11241, 11243, 11245, 11246, 11248, 11249, 11250, 11252, 11254, 11255, 11256, 11258, 11261, 11262, 11263, 11264, 11265, 11267, 11268, 11269, 11271, 11273, 11274, 11275, 11277, 11278, 11279, 11280, 11286, 11288, 11289, 11290, 11291, 11293, 11294, 11295, 11297, 11300, 11301, 11302, 11303, 11306, 11309, 11310, 11312, 11314, 11315, 11316, 11319, 11320, 11321, 11322, 11324, 11325, 11326, 11327, 11328, 11329, 11331, 11332, 11334, 11335, 11336, 11337, 11338, 11339, 11340, 11343, 11344, 11345, 11347, 11348, 11349, 11350, 11354, 11355, 11357, 11358, 11359, 11360, 11361, 11362, 11364, 11365, 11366, 11369, 11370, 11371, 11372, 11373, 11375, 11377, 11378, 11379, 11380, 11381, 11382, 11383, 11386, 11388, 11389, 11390, 11391, 11392, 11395, 11398, 11400, 11405, 11406, 11407, 11408, 11409, 11410, 11411, 11412, 11413, 11414, 11415, 11416, 11417, 11418, 11422, 11427, 11428, 11429, 11430, 11432, 11433, 11434, 11436, 11439, 11440, 11441, 11442, 11443, 11444, 11445, 11446, 11447, 11448, 11449, 11450, 11451, 11452, 11453, 11454, 11456, 11457, 11458, 11460, 11462, 11463, 11464, 11468, 11470, 11471, 11472, 11475, 11477, 11479, 11481, 11482, 11483, 11484, 11485, 11488, 11489, 11490, 11491, 11492, 11494, 11495, 11496, 11497, 11499, 11500, 11501, 11502, 11504, 11505, 11508, 11509, 11510, 11511, 11512, 11513, 11514, 11515, 11516, 11518, 11521, 11522, 11523, 11524, 11525, 11526, 11529, 11530, 11531, 11532, 11533, 11535, 11536, 11537, 11540, 11542, 11543, 11544, 11547, 11549, 11551, 11552, 11553, 11554, 11555, 11556, 11557, 11558, 11559, 11560, 11561, 11562, 11563, 11564, 11567, 11571, 11572, 11574, 11575, 11576, 11577, 11578, 11580, 11581, 11582, 11583, 11587, 11588, 11592, 11595, 11596, 11597, 11600, 11604, 11605, 11606, 11607, 11608, 11610, 11611, 11612, 11616, 11618, 11619, 11620, 11621, 11622, 11623, 11624, 11625, 11627, 11628, 11629, 11630, 11632, 11634, 11635, 11636, 11637, 11638, 11639, 11642, 11643, 11644, 11646, 11647, 11648, 11649, 11650, 11651, 11655, 11657, 11659, 11660, 11662, 11664, 11667, 11669, 11670, 11674, 11675, 11676, 11677, 11678, 11679, 11683, 11685, 11686, 11687, 11689, 11690, 11692, 11694, 11696, 11697, 11700, 11701, 11705, 11706, 11707, 11708, 11711, 11712, 11714, 11715, 11716, 11717, 11719, 11721, 11722, 11725, 11727, 11728, 11729, 11730, 11731, 11732, 11733, 11735, 11736, 11738, 11741, 11743, 11744, 11746, 11749, 11750, 11752, 11753, 11754, 11755, 11759, 11761, 11762, 11763, 11764, 11765, 11769, 11771, 11772, 11774, 11776, 11777, 11778, 11780, 11782, 11786, 11787, 11788, 11789, 11790, 11791, 11796, 11797, 11798, 11799, 11800, 11803, 11804, 11805, 11808, 11810, 11813, 11815, 11816, 11817, 11818, 11819, 11820, 11821, 11822, 11823, 11824, 11826, 11829, 11831, 11834, 11836, 11837, 11839, 11841, 11842, 11843, 11844, 11845, 11847, 11851, 11853, 11857, 11858, 11859, 11860, 11863, 11864, 11865, 11868, 11869, 11871, 11872, 11880, 11881, 11882, 11883, 11884, 11885, 11888, 11889, 11891, 11892, 11893, 11894, 11895, 11897, 11899, 11901, 11902, 11903, 11908, 11912, 11915, 11916, 11917, 11918, 11920, 11922, 11924, 11927, 11928, 11931, 11932, 11933, 11934, 11937, 11938, 11940, 11941, 11942, 11943, 11944, 11946, 11947, 11948, 11949, 11950, 11951, 11952, 11953, 11956, 11957, 11958, 11959, 11961, 11963, 11964, 11966, 11967, 11968, 11969, 11970, 11973, 11975, 11976, 11977, 11978, 11979, 11981, 11982, 11983, 11984, 11985, 11987, 11988, 11989, 11990, 11992, 11994, 11995, 11996, 11997, 11998, 12001, 12002, 12003, 12005, 12007, 12008, 12009, 12010, 12011, 12012, 12013, 12014, 12015, 12018, 12020, 12022, 12025, 12026, 12027, 12030, 12031, 12032, 12033, 12034, 12036, 12041, 12044, 12045, 12047, 12048, 12049, 12050, 12051, 12052, 12053, 12054, 12055, 12057, 12059, 12060, 12061, 12063, 12065, 12066, 12067, 12070, 12071, 12074, 12075, 12076, 12077, 12078, 12080, 12085, 12087, 12089, 12090, 12091, 12092, 12094, 12096, 12097, 12099, 12100, 12102, 12103, 12104, 12106, 12109, 12110, 12111, 12114, 12115, 12119, 12120, 12122, 12123, 12124, 12127, 12129, 12131, 12133, 12135, 12139, 12144, 12145, 12146, 12147, 12149, 12150, 12151, 12152, 12153, 12155, 12160, 12161, 12162, 12163, 12164, 12166, 12168, 12169, 12170, 12171, 12173, 12175, 12176, 12178, 12179, 12181, 12186, 12187, 12188, 12189, 12190, 12191, 12192, 12194, 12196, 12197, 12201, 12205, 12206, 12208, 12210, 12212, 12214, 12215, 12216, 12217, 12221, 12222, 12223, 12224, 12225, 12226, 12228, 12230, 12233, 12234, 12236, 12237, 12239, 12243, 12245, 12246, 12248, 12251, 12252, 12253, 12255, 12256, 12257, 12259, 12260, 12261, 12263, 12265, 12267, 12268, 12269, 12271, 12273, 12274, 12275, 12278, 12282, 12283, 12285, 12287, 12289, 12290, 12292, 12296, 12299, 12300, 12302, 12303, 12304, 12308, 12309, 12310, 12311, 12312, 12313, 12315, 12316, 12317, 12318, 12319, 12320, 12324, 12327, 12330, 12331, 12332, 12333, 12336, 12337, 12338, 12344, 12345, 12346, 12347, 12348, 12349, 12350, 12352, 12353, 12354, 12355, 12356, 12357, 12358, 12359, 12362, 12363, 12364, 12366, 12367, 12368, 12369, 12373, 12374, 12375, 12376, 12377, 12378, 12379, 12380, 12381, 12382, 12384, 12389, 12391, 12392, 12395, 12396, 12397, 12398, 12403, 12404, 12405, 12406, 12407, 12409, 12410, 12412, 12413, 12414, 12415, 12418, 12419, 12422, 12423, 12426, 12428, 12433, 12434, 12436, 12438, 12440, 12441, 12442, 12443, 12446, 12447, 12448, 12449, 12450, 12452, 12453, 12454, 12455, 12456, 12457, 12458, 12460, 12461, 12462, 12463, 12464, 12467, 12469, 12470, 12471, 12472, 12473, 12474, 12477, 12478, 12479, 12481, 12482, 12485, 12489, 12490, 12491, 12492, 12497, 12498, 12499, 12500, 12502, 12504, 12505, 12507, 12508, 12509, 12510, 12512, 12513, 12514, 12515, 12516, 12517, 12519, 12520, 12521, 12522, 12525, 12528, 12529, 12530, 12532, 12534, 12537, 12538, 12539, 12541, 12542, 12543, 12545, 12546, 12547, 12549, 12551, 12552, 12553, 12555, 12556, 12558, 12560, 12561, 12562, 12564, 12565, 12568, 12569, 12570, 12571, 12572, 12573, 12574, 12575, 12576, 12578, 12579, 12582, 12583, 12587, 12588, 12589, 12590, 12592, 12593, 12594, 12595, 12597, 12600, 12602, 12604, 12605, 12607, 12608, 12609, 12610, 12611, 12612, 12613, 12614, 12616, 12619, 12620, 12622, 12623, 12625, 12626, 12627, 12629, 12630, 12631, 12633, 12639, 12640, 12643, 12644, 12645, 12647, 12648, 12649, 12652, 12653, 12655, 12658, 12659, 12660, 12661, 12665, 12666, 12667, 12669, 12670, 12673, 12675, 12676, 12677, 12679, 12681, 12683, 12684, 12685, 12686, 12687, 12688, 12689, 12690, 12691, 12695, 12698, 12700, 12702, 12704, 12705, 12706, 12707, 12709, 12710, 12713, 12714, 12716, 12717, 12719, 12720, 12721, 12722, 12723, 12725, 12726, 12728, 12729, 12730, 12732, 12733, 12738, 12740, 12741, 12742, 12744, 12746, 12747, 12750, 12752, 12753, 12754, 12756, 12757, 12758, 12759, 12760, 12761, 12763, 12764, 12765, 12766, 12767, 12768, 12769, 12771, 12773, 12774, 12775, 12776, 12777, 12778, 12779, 12780, 12781, 12782, 12784, 12785, 12786, 12788, 12789, 12791, 12794, 12795, 12797, 12799, 12800, 12801, 12802, 12804, 12806, 12807, 12808, 12809, 12811, 12817, 12818, 12819, 12821, 12824, 12825, 12826, 12828, 12829, 12831, 12833, 12834, 12835, 12836, 12837, 12838, 12839, 12840, 12841, 12842, 12843, 12844, 12845, 12847, 12848, 12850, 12851, 12852, 12853, 12855, 12856, 12857, 12858, 12859, 12860, 12861, 12862, 12864, 12865, 12866, 12869, 12870, 12871, 12872, 12874, 12875, 12876, 12880, 12881, 12882, 12883, 12885, 12886, 12888, 12889, 12890, 12891, 12893, 12894, 12895, 12896, 12897, 12899, 12900, 12902, 12903, 12906, 12908, 12909, 12910, 12911, 12912, 12913, 12914, 12917, 12920, 12921, 12923, 12925, 12927, 12928, 12930, 12932, 12933, 12935, 12936, 12937, 12938, 12940, 12941, 12945, 12948, 12951, 12954, 12955, 12956, 12958, 12961, 12963, 12966, 12969, 12970, 12971, 12972, 12973, 12974, 12975, 12976, 12977, 12979, 12980, 12983, 12985, 12987, 12988, 12989, 12990, 12991, 12993, 12994, 12995, 12997, 13001, 13004, 13006, 13007, 13008, 13010, 13011, 13012, 13013, 13015, 13016, 13017, 13022, 13023, 13026, 13027, 13028, 13030, 13033, 13034, 13036, 13037, 13040, 13041, 13044, 13045, 13046, 13047, 13051, 13053, 13054, 13056, 13057, 13059, 13060, 13061, 13065, 13068, 13069, 13070, 13073, 13074, 13075, 13076, 13077, 13078, 13079, 13083, 13084, 13085, 13086, 13089, 13090, 13092, 13093, 13094, 13099, 13101, 13103, 13105, 13109, 13114, 13117, 13118, 13119, 13120, 13121, 13123, 13124, 13125, 13126, 13127, 13128, 13129, 13130, 13131, 13133, 13135, 13137, 13138, 13139, 13140, 13141, 13143, 13144, 13145, 13146, 13147, 13148, 13149, 13151, 13153, 13154, 13155, 13157, 13161, 13163, 13164, 13165, 13166, 13167, 13168, 13169, 13171, 13177, 13178, 13181, 13185, 13186, 13187, 13189, 13190, 13192, 13194, 13196, 13197, 13200, 13203, 13205, 13207, 13208, 13209, 13210, 13211, 13213, 13214, 13215, 13216, 13217, 13218, 13220, 13221, 13223, 13225, 13227, 13230, 13231, 13232, 13234, 13235, 13236, 13237, 13238, 13239, 13240, 13241, 13243, 13244, 13247, 13248, 13249, 13250, 13251, 13253, 13254, 13257, 13259, 13261, 13263, 13265, 13266, 13267, 13269, 13272, 13273, 13275, 13277, 13278, 13279, 13280, 13284, 13285, 13287, 13289, 13290, 13293, 13295, 13296, 13297, 13299, 13300, 13301, 13302, 13307, 13308, 13309, 13310, 13311, 13313, 13315, 13316, 13317, 13318, 13319, 13321, 13322, 13323, 13324, 13325, 13326, 13327, 13331, 13332, 13333, 13335, 13338, 13339, 13343, 13344, 13345, 13346, 13350, 13351, 13353, 13354, 13356, 13357, 13358, 13359, 13360, 13362, 13363, 13364, 13367, 13369, 13370, 13371, 13372, 13373, 13375, 13376, 13377, 13381, 13383, 13384, 13385, 13386, 13387, 13388, 13390, 13395, 13396, 13398, 13399, 13400, 13401, 13403, 13404, 13405, 13406, 13408, 13411, 13412, 13413, 13414, 13415, 13416, 13419, 13421, 13422, 13424, 13428, 13429, 13430, 13431, 13432, 13433, 13434, 13435, 13436, 13438, 13439, 13441, 13443, 13444, 13448, 13451, 13452, 13454, 13456, 13458, 13459, 13462, 13467, 13469, 13471, 13472, 13473, 13476, 13477, 13478, 13480, 13485, 13488, 13489, 13490, 13491, 13493, 13495, 13496, 13497, 13498, 13500, 13501, 13503, 13504, 13505, 13506, 13507, 13508, 13509, 13510, 13511, 13512, 13514, 13515, 13516, 13519, 13521, 13522, 13523, 13526, 13528, 13529, 13530, 13541, 13542, 13544, 13545, 13546, 13548, 13549, 13551, 13553, 13554, 13555, 13556, 13561, 13562, 13563, 13564, 13567, 13572, 13573, 13574, 13576, 13577, 13578, 13582, 13585, 13586, 13588, 13591, 13592, 13594, 13595, 13597, 13598, 13599, 13601, 13602, 13605, 13606, 13609, 13610, 13611, 13612, 13614, 13617, 13621, 13622, 13624, 13627, 13628, 13629, 13630, 13633, 13634, 13635, 13636, 13640, 13641, 13642, 13644, 13646, 13647, 13648, 13651, 13654, 13655, 13656, 13658, 13659, 13662, 13664, 13667, 13668, 13669, 13670, 13671, 13673, 13674, 13675, 13676, 13677, 13679, 13680, 13681, 13682, 13684, 13686, 13687, 13689, 13691, 13696, 13698, 13699, 13701, 13704, 13705, 13706, 13710, 13713, 13715, 13716, 13717, 13718, 13719, 13720, 13721, 13723, 13724, 13725, 13726, 13728, 13729, 13731, 13732, 13733, 13734, 13736, 13738, 13739, 13740, 13742, 13744, 13749, 13750, 13751, 13753, 13754, 13757, 13758, 13759, 13760, 13761, 13762, 13763, 13764, 13766, 13768, 13770, 13771, 13772, 13773, 13774, 13775, 13777, 13778, 13779, 13780, 13781, 13782, 13783, 13784, 13786, 13788, 13789, 13790, 13792, 13793, 13794, 13795, 13797, 13798, 13799, 13800, 13801, 13803, 13804, 13805, 13806, 13807, 13808, 13810, 13811, 13813, 13814, 13815, 13817, 13819, 13821, 13823, 13824, 13826, 13827, 13828, 13829, 13831, 13832, 13834, 13835, 13836, 13837, 13840, 13841, 13842, 13843, 13844, 13845, 13846, 13848, 13849, 13851, 13852, 13853, 13856, 13857, 13858, 13860, 13861, 13863, 13865, 13867, 13868, 13869, 13870, 13872, 13873, 13876, 13877, 13878, 13882, 13884, 13885, 13888, 13890, 13891, 13892, 13897, 13900, 13902, 13903, 13905, 13908, 13911, 13914, 13915, 13916, 13918, 13921, 13922, 13924, 13925, 13926, 13927, 13928, 13930, 13932, 13933, 13934, 13935, 13936, 13939, 13941, 13942, 13943, 13945, 13946, 13950, 13951, 13952, 13953, 13954, 13955, 13956, 13958, 13959, 13961, 13962, 13965, 13968, 13970, 13971, 13972, 13973, 13976, 13977, 13978, 13979, 13980, 13981, 13982, 13983, 13985, 13986, 13988, 13989, 13990, 13991, 13992, 13993, 13994, 13996, 13997, 13998, 13999, 14000, 14001, 14002, 14003, 14004, 14006, 14007, 14009, 14010, 14012, 14014, 14016, 14018, 14020, 14021, 14023, 14024, 14027, 14028, 14030, 14032, 14033, 14034, 14035, 14036, 14037, 14038, 14044, 14046, 14049, 14050, 14051, 14052, 14053, 14054, 14055, 14056, 14057, 14059, 14060, 14061, 14062, 14066, 14067, 14068, 14069, 14071, 14072, 14073, 14074, 14077, 14078, 14081, 14082, 14083, 14084, 14085, 14086, 14089, 14090, 14095, 14096, 14097, 14098, 14100, 14101, 14104, 14106, 14107, 14108, 14109, 14110, 14112, 14113, 14114, 14115, 14116, 14117, 14118, 14120, 14121, 14122, 14123, 14124, 14125, 14126, 14127, 14128, 14130, 14132, 14133, 14134, 14135, 14136, 14138, 14139, 14140, 14141, 14142, 14146, 14147, 14149, 14150, 14151, 14153, 14157, 14158, 14159, 14160, 14161, 14162, 14165, 14166, 14167, 14169, 14170, 14171, 14174, 14175, 14176, 14180, 14181, 14182, 14183, 14184, 14187, 14188, 14189, 14190, 14191, 14192, 14193, 14195, 14196, 14197, 14198, 14199, 14201, 14202, 14203, 14204, 14205, 14207, 14208, 14209, 14211, 14212, 14216, 14217, 14220, 14221, 14222, 14226, 14227, 14228, 14230, 14231, 14232, 14233, 14235, 14238, 14240, 14241, 14243, 14245, 14247, 14248, 14249, 14250, 14252, 14253, 14255, 14257, 14258, 14259, 14260, 14263, 14265, 14267, 14274, 14276, 14279, 14280, 14284, 14285, 14287, 14288, 14289, 14290, 14291, 14293, 14294, 14295, 14296, 14300, 14302, 14303, 14304, 14310, 14312, 14315, 14317, 14318, 14319, 14320, 14323, 14324, 14326, 14328, 14329, 14331, 14332, 14335, 14336, 14338, 14339, 14340, 14341, 14346, 14348, 14350, 14351, 14352, 14354, 14355, 14357, 14358, 14360, 14361, 14362, 14364, 14365, 14367, 14369, 14370, 14371, 14372, 14373, 14374, 14376, 14377, 14380, 14382, 14384, 14385, 14386, 14389, 14391, 14394, 14395, 14397, 14398, 14399, 14400, 14402, 14405, 14407, 14410, 14411, 14412, 14413, 14414, 14415, 14417, 14418, 14419, 14422, 14424, 14428, 14430, 14431, 14432, 14433, 14434, 14437, 14440, 14441, 14442, 14443, 14444, 14446, 14449, 14450, 14451, 14452, 14454, 14455, 14457, 14459, 14461, 14462, 14466, 14467, 14468, 14470, 14471, 14473, 14474, 14476, 14477, 14478, 14483, 14486, 14488, 14490, 14491, 14493, 14495, 14497, 14498, 14499, 14501, 14503, 14505, 14506, 14508, 14509, 14510, 14511, 14512, 14514, 14515, 14517, 14518, 14519, 14520, 14521, 14522, 14523, 14524, 14525, 14527, 14528, 14529, 14530, 14531, 14532, 14534, 14536, 14537, 14538, 14540, 14541, 14542, 14544, 14545, 14546, 14547, 14548, 14549, 14551, 14553, 14555, 14557, 14558, 14559, 14560, 14561, 14562, 14563, 14565, 14567, 14568, 14570, 14572, 14573, 14574, 14575, 14577, 14579, 14580, 14581, 14582, 14583, 14584, 14586, 14588, 14589, 14592, 14593, 14594, 14596, 14597, 14598, 14600, 14603, 14605, 14607, 14608, 14609, 14613, 14615, 14617, 14618, 14619, 14620, 14621, 14622, 14623, 14624, 14625, 14627, 14629, 14631, 14632, 14634, 14635, 14637, 14639, 14640, 14643, 14644, 14646, 14648, 14649, 14651, 14652, 14653, 14654, 14655, 14657, 14658, 14659, 14664, 14666, 14667, 14668, 14669, 14670, 14672, 14673, 14675, 14677, 14678, 14679, 14680, 14681, 14684, 14685, 14686, 14688, 14690, 14691, 14692, 14693, 14697, 14698, 14699, 14700, 14701, 14702, 14704, 14705, 14706, 14707, 14708, 14710, 14711, 14712, 14713, 14714, 14717, 14718, 14719, 14720, 14721, 14722, 14723, 14725, 14727, 14728, 14730, 14731, 14732, 14735, 14736, 14737, 14738, 14742, 14743, 14745, 14746, 14747, 14748, 14749, 14750, 14751, 14752, 14753, 14754, 14755, 14756, 14757, 14758, 14759, 14760, 14762, 14763, 14764, 14765, 14766, 14769, 14770, 14771, 14773, 14774, 14775, 14776, 14777, 14779, 14780, 14781, 14783, 14784, 14787, 14789, 14790, 14791, 14792, 14793, 14794, 14795, 14799, 14800, 14801, 14803, 14804, 14809, 14810, 14811, 14812, 14813, 14815, 14816, 14817, 14818, 14819, 14822, 14825, 14826, 14827, 14828, 14829, 14830, 14831, 14833, 14834, 14835, 14837, 14839, 14840, 14841, 14842, 14843, 14844, 14845, 14846, 14848, 14851, 14854, 14855, 14856, 14857, 14858, 14859, 14860, 14861, 14862, 14863, 14865, 14867, 14868, 14869, 14870, 14874, 14875, 14876, 14877, 14878, 14880, 14881, 14885, 14887, 14889, 14890, 14891, 14892, 14893, 14895, 14896, 14897, 14898, 14899, 14900, 14901, 14902, 14904, 14905, 14908, 14909, 14912, 14915, 14916, 14917, 14918, 14919, 14922, 14923, 14925, 14929, 14930, 14932, 14933, 14934, 14935, 14937, 14938, 14939, 14940, 14942, 14944, 14946, 14947, 14948, 14949, 14950, 14951, 14953, 14954, 14956, 14957, 14958, 14959, 14961, 14962, 14963, 14965, 14966, 14969, 14970, 14974, 14975, 14976, 14978, 14979, 14980, 14982, 14985, 14986, 14988, 14989, 14991, 14992, 14993, 14997, 14998, 14999, 15000, 15001, 15002, 15003, 15004, 15005, 15007, 15008, 15009, 15010, 15011, 15012, 15013, 15014, 15015, 15016, 15017, 15019, 15021, 15022, 15023, 15024, 15025, 15026, 15028, 15029, 15030, 15032, 15033, 15037, 15038, 15039, 15040, 15041, 15044, 15045, 15046, 15047, 15048, 15049, 15052, 15053, 15055, 15059, 15061, 15062, 15066, 15068, 15069, 15071, 15073, 15074, 15075, 15077, 15078, 15081, 15082, 15085, 15086, 15087, 15088, 15092, 15093, 15094, 15096, 15098, 15099, 15105, 15106, 15107, 15108, 15109, 15110, 15112, 15113, 15114, 15115, 15118, 15121, 15122, 15123, 15124, 15126, 15127, 15129, 15130, 15131, 15132, 15134, 15137, 15138, 15142, 15147, 15148, 15151, 15153, 15155, 15156, 15157, 15158, 15159, 15161, 15163, 15164, 15165, 15167, 15170, 15172, 15173, 15175, 15176, 15177, 15179, 15180, 15182, 15183, 15184, 15185, 15186, 15187, 15188, 15189, 15190, 15191, 15192, 15193, 15194, 15196, 15197, 15198, 15200, 15201, 15202, 15205, 15207, 15208, 15209, 15210, 15212, 15213, 15214, 15215, 15218, 15219, 15220, 15221, 15222, 15223, 15224, 15225, 15226, 15227, 15228, 15229, 15230, 15231, 15232, 15233, 15235, 15239, 15241, 15245, 15246, 15248, 15250, 15252, 15253, 15254, 15255, 15258, 15260, 15262, 15263, 15265, 15268, 15269, 15270, 15271, 15272, 15273, 15274, 15276, 15277, 15279, 15281, 15282, 15283, 15284, 15285, 15286, 15288, 15293, 15294, 15295, 15296, 15297, 15300, 15304, 15306, 15307, 15308, 15309, 15310, 15311, 15313, 15314, 15315, 15317, 15318, 15319, 15321, 15322, 15323, 15329, 15330, 15331, 15332, 15333, 15337, 15339, 15340, 15341, 15342, 15343, 15344, 15345, 15347, 15348, 15349, 15350, 15351, 15353, 15356, 15357, 15358, 15359, 15360, 15363, 15364, 15367, 15368, 15369, 15371, 15373, 15374, 15381, 15382, 15384, 15385, 15387, 15390, 15391, 15392, 15395, 15396, 15397, 15398, 15401, 15402, 15404, 15405, 15406, 15407, 15408, 15410, 15412, 15415, 15416, 15418, 15419, 15420, 15421, 15422, 15423, 15424, 15425, 15426, 15428, 15429, 15430, 15431, 15432, 15433, 15435, 15438, 15439, 15441, 15443, 15445, 15446, 15447, 15448, 15449, 15450, 15454, 15456, 15457, 15458, 15460, 15461, 15463, 15465, 15468, 15469, 15470, 15471, 15472, 15475, 15476, 15479, 15480, 15481, 15485, 15486, 15488, 15489, 15490, 15491, 15492, 15493, 15494, 15495, 15496, 15498, 15499, 15500, 15501, 15502, 15503, 15505, 15506, 15507, 15512, 15514, 15515, 15516, 15518, 15519, 15521, 15522, 15523, 15524, 15526, 15527, 15528, 15530, 15532, 15533, 15534, 15536, 15537, 15538, 15539, 15541, 15542, 15543, 15544, 15545, 15546, 15548, 15550, 15551, 15552, 15553, 15555, 15556, 15557, 15558, 15560, 15561, 15565, 15566, 15567, 15568, 15569, 15571, 15572, 15573, 15576, 15579, 15580, 15581, 15582, 15583, 15584, 15585, 15587, 15588, 15589, 15590, 15591, 15592, 15593, 15594, 15596, 15597, 15599, 15603, 15605, 15606, 15610, 15612, 15615, 15616, 15617, 15618, 15619, 15620, 15621, 15622, 15624, 15625, 15626, 15627, 15629, 15634, 15635, 15640, 15641, 15642, 15643, 15645, 15646, 15647, 15648, 15649, 15650, 15652, 15653, 15656, 15657, 15658, 15662, 15663, 15666, 15669, 15671, 15672, 15675, 15676, 15678, 15680, 15681, 15683, 15684, 15685, 15686, 15687, 15689, 15690, 15692, 15693, 15694, 15695, 15696, 15697, 15700, 15701, 15702, 15705, 15706, 15707, 15708, 15709, 15710, 15711, 15712, 15713, 15715, 15718, 15719, 15721, 15722, 15723, 15725, 15727, 15730, 15731, 15732, 15733, 15734, 15735, 15736, 15737, 15739, 15740, 15742, 15744, 15746, 15747, 15748, 15749, 15751, 15752, 15753, 15754, 15755, 15757, 15758, 15761, 15763, 15764, 15765, 15766, 15770, 15771, 15772, 15773, 15776, 15777, 15779, 15780, 15781, 15782, 15783, 15785, 15786, 15787, 15788, 15789, 15793, 15794, 15796, 15797, 15801, 15802, 15803, 15804, 15805, 15807, 15808, 15810, 15811, 15813, 15814, 15815, 15817, 15818, 15820, 15822, 15823, 15824, 15825, 15829, 15830, 15833, 15836, 15837, 15839, 15840, 15842, 15843, 15844, 15846, 15850, 15851, 15852, 15853, 15856, 15857, 15858, 15859, 15860, 15861, 15862, 15863, 15864, 15865, 15866, 15867, 15868, 15869, 15870, 15871, 15872, 15875, 15876, 15879, 15880, 15881, 15882, 15885, 15887, 15888, 15889, 15892, 15893, 15894, 15895, 15896, 15897, 15898, 15899, 15901, 15903, 15904, 15905, 15906, 15907, 15908, 15909, 15910, 15911, 15912, 15913, 15914, 15916, 15917, 15918, 15919, 15920, 15921, 15922, 15923, 15924, 15925, 15928, 15929, 15930, 15931, 15932, 15933, 15934, 15935, 15937, 15939, 15941, 15942, 15943, 15945, 15946, 15948, 15951, 15952, 15954, 15955, 15957, 15958, 15960, 15962, 15963, 15967, 15970, 15971, 15973, 15974, 15976, 15982, 15986, 15987, 15988, 15989, 15990, 15991, 15992, 15993, 15994, 15996, 15997, 15999, 16001, 16002, 16003, 16004, 16005, 16007, 16008, 16009, 16012, 16013, 16015, 16017, 16019, 16020, 16021, 16023, 16024, 16025, 16026, 16027, 16029, 16030, 16032, 16033, 16034, 16035, 16036, 16038, 16039, 16041, 16042, 16044, 16045, 16049, 16050, 16053, 16054, 16055, 16056, 16057, 16058, 16061, 16062, 16063, 16065, 16066, 16068, 16069, 16070, 16072, 16073, 16075, 16077, 16079, 16080, 16081, 16085, 16086, 16088, 16089, 16090, 16092, 16093, 16094, 16095, 16097, 16098, 16099, 16102, 16104, 16105, 16106, 16109, 16112, 16114, 16115, 16116, 16117, 16118, 16121, 16123, 16124, 16125, 16126, 16128, 16130, 16131, 16133, 16135, 16136, 16137, 16138, 16139, 16140, 16141, 16142, 16143, 16145, 16147, 16149, 16150, 16151, 16153, 16154, 16157, 16158, 16159, 16160, 16162, 16163, 16164, 16165, 16168, 16169, 16171, 16173, 16174, 16176, 16179, 16184, 16185, 16186, 16190, 16191, 16192, 16193, 16194, 16195, 16196, 16197, 16198, 16200, 16202, 16203, 16205, 16207, 16208, 16209, 16210, 16211, 16212, 16213, 16216, 16217, 16218, 16219, 16221, 16226, 16229, 16231, 16232, 16234, 16235, 16236, 16237, 16238, 16239, 16240, 16241, 16242, 16243, 16244, 16245, 16247, 16250, 16251, 16253, 16258, 16262, 16263, 16265, 16266, 16267, 16268, 16269, 16270, 16274, 16275, 16276, 16277, 16280, 16281, 16283, 16284, 16285, 16286, 16288, 16290, 16291, 16292, 16294, 16296, 16300, 16304, 16305, 16306, 16307, 16308, 16309, 16310, 16311, 16312, 16313, 16314, 16315, 16317, 16318, 16321, 16322, 16323, 16324, 16326, 16327, 16328, 16329, 16332, 16333, 16334, 16337, 16338, 16339, 16341, 16343, 16344, 16346, 16347, 16349, 16350, 16351, 16355, 16356, 16357, 16358, 16359, 16360, 16362, 16363, 16364, 16365, 16367, 16369, 16372, 16374, 16376, 16377, 16378, 16379, 16381, 16382, 16383, 16384, 16385, 16386, 16387, 16388, 16389, 16390, 16393, 16395, 16397, 16398, 16399, 16400, 16401, 16402, 16403, 16404, 16407, 16408, 16410, 16411, 16412, 16413, 16414, 16415, 16416, 16417, 16419, 16420, 16421, 16422, 16424, 16426, 16427, 16428, 16430, 16431, 16432, 16433, 16434, 16437, 16438, 16440, 16442, 16443, 16445, 16447, 16448, 16449, 16450, 16451, 16452, 16453, 16454, 16455, 16456, 16457, 16459, 16460, 16463, 16466, 16467, 16469, 16470, 16472, 16473, 16476, 16479, 16480, 16481, 16483, 16484, 16485, 16486, 16487, 16488, 16489, 16492, 16493, 16494, 16495, 16497, 16498, 16500, 16504, 16505, 16506, 16507, 16509, 16513, 16514, 16516, 16517, 16518, 16520, 16521, 16522, 16524, 16525, 16528, 16529, 16532, 16533, 16534, 16537, 16538, 16542, 16543, 16545, 16546, 16549, 16550, 16551, 16552, 16554, 16555, 16557, 16558, 16559, 16561, 16562, 16564, 16565, 16568, 16569, 16570, 16571, 16572, 16573, 16574, 16575, 16576, 16577, 16578, 16580, 16582, 16584, 16585, 16586, 16587, 16588, 16590, 16591, 16594, 16595, 16596, 16598, 16599, 16602, 16604, 16605, 16607, 16612, 16613, 16615, 16616, 16618, 16619, 16621, 16622, 16623, 16624, 16625, 16626, 16628, 16631, 16632, 16635, 16636, 16639, 16640, 16641, 16643, 16644, 16645, 16646, 16648, 16650, 16651, 16652, 16653, 16655, 16656, 16658, 16659, 16661, 16662, 16664, 16665, 16666, 16668, 16670, 16674, 16677, 16678, 16679, 16680, 16682, 16684, 16685, 16686, 16687, 16691, 16692, 16693, 16695, 16697, 16698, 16701, 16702, 16705, 16706, 16707, 16708, 16710, 16712, 16713, 16714, 16716, 16718, 16719, 16720, 16721, 16722, 16724, 16725, 16726, 16728, 16732, 16733, 16734, 16735, 16736, 16737, 16740, 16741, 16742, 16743, 16747, 16749, 16750, 16752, 16753, 16754, 16755, 16756, 16757, 16758, 16759, 16760, 16761, 16762, 16763, 16764, 16765, 16767, 16768, 16769, 16770, 16772, 16775, 16779, 16781, 16785, 16786, 16787, 16788, 16789, 16790, 16791, 16794, 16797, 16798, 16800, 16801, 16802, 16803, 16804, 16805, 16806, 16807, 16808, 16809, 16811, 16812, 16813, 16814, 16815, 16816, 16817, 16818, 16819, 16822, 16823, 16824, 16830, 16831, 16834, 16839, 16840, 16842, 16845, 16851, 16852, 16855, 16856, 16857, 16858, 16859, 16861, 16863, 16864, 16865, 16866, 16867, 16869, 16870, 16871, 16873, 16874, 16875, 16877, 16879, 16880, 16881, 16882, 16884, 16885, 16886, 16887, 16888, 16891, 16892, 16893, 16894, 16896, 16897, 16898, 16899, 16900, 16901, 16902, 16903, 16904, 16905, 16907, 16909, 16910, 16911, 16912, 16913, 16915, 16916, 16917, 16919, 16920, 16923, 16925, 16926, 16927, 16933, 16934, 16938, 16940, 16941, 16942, 16943, 16945, 16946, 16948, 16950, 16952, 16954, 16955, 16958, 16959, 16960, 16961, 16962, 16963, 16965, 16966, 16968, 16969, 16973, 16974, 16977, 16978, 16979, 16980, 16981, 16982, 16984, 16985, 16986, 16988, 16989, 16994, 16997, 16998, 16999, 17000, 17001, 17002, 17003, 17004, 17008, 17009, 17011, 17012, 17013, 17014, 17015, 17016, 17018, 17019, 17020, 17022, 17023, 17024, 17025, 17027, 17028, 17029, 17034, 17035, 17036, 17037, 17038, 17039, 17040, 17041, 17042, 17043, 17045, 17046, 17048, 17049, 17050, 17051, 17052, 17053, 17054, 17055, 17056, 17057, 17058, 17059, 17061, 17062, 17065, 17066, 17067, 17068, 17069, 17070, 17071, 17073, 17074, 17075, 17076, 17077, 17078, 17079, 17080, 17081, 17082, 17083, 17084, 17085, 17086, 17087, 17088, 17091, 17092, 17093, 17095, 17096, 17097, 17098, 17099, 17101, 17102, 17104, 17105, 17106, 17107, 17108, 17109, 17115, 17116, 17119, 17120, 17121, 17122, 17126, 17127, 17128, 17129, 17131, 17133, 17134, 17137, 17138, 17139, 17141, 17144, 17145, 17146, 17148, 17149, 17151, 17153, 17154, 17155, 17156, 17158, 17159, 17162, 17165, 17167, 17168, 17169, 17171, 17173, 17176, 17177, 17180, 17181, 17183, 17186, 17187, 17188, 17190, 17193, 17194, 17195, 17196, 17197, 17200, 17201, 17203, 17204, 17206, 17207, 17208, 17209, 17210, 17213, 17216, 17219, 17220, 17221, 17223, 17224, 17225, 17226, 17228, 17229, 17231, 17232, 17234, 17239, 17241, 17243, 17245, 17246, 17247, 17248, 17250, 17251, 17252, 17253, 17254, 17255, 17256, 17257, 17258, 17259, 17260, 17261, 17263, 17264, 17265, 17266, 17267, 17268, 17269, 17270, 17271, 17272, 17273, 17274, 17275, 17278, 17279, 17280, 17281, 17284, 17287, 17288, 17289, 17290, 17291, 17292, 17293, 17295, 17296, 17297, 17299, 17300, 17301, 17303, 17304, 17305, 17306, 17307, 17308, 17309, 17311, 17313, 17314, 17315, 17316, 17319, 17320, 17322, 17323, 17324, 17325, 17326, 17327, 17328, 17329, 17330, 17331, 17333, 17334, 17335, 17338, 17339, 17340, 17342, 17345, 17346, 17348, 17349, 17350, 17353, 17355, 17356, 17357, 17358, 17360, 17361, 17364, 17365, 17368, 17371, 17372, 17373, 17374, 17376, 17377, 17378, 17380, 17381, 17383, 17384, 17385, 17386, 17387, 17388, 17390, 17392, 17393, 17394, 17398, 17399, 17400, 17402, 17404, 17406, 17408, 17409, 17410, 17412, 17416, 17417, 17418, 17419, 17420, 17421, 17422, 17424, 17425, 17426, 17428, 17429, 17433, 17434, 17436, 17437, 17438, 17439, 17441, 17442, 17447, 17448, 17449, 17450, 17451, 17452, 17453, 17456, 17460, 17461, 17462, 17463, 17465, 17467, 17469, 17471, 17473, 17474, 17475, 17476, 17477, 17482, 17483, 17484, 17485, 17487, 17490, 17492, 17494, 17495, 17496, 17497, 17498, 17499, 17504, 17507, 17509, 17513, 17514, 17515, 17517, 17519, 17520, 17521, 17522, 17523, 17524, 17526, 17527, 17528, 17529, 17531, 17532, 17533, 17534, 17536, 17537, 17541, 17542, 17544, 17545, 17547, 17548, 17553, 17554, 17557, 17558, 17559, 17560, 17561, 17565, 17566, 17568, 17569, 17570, 17571, 17573, 17576, 17578, 17579, 17581, 17583, 17584, 17586, 17587, 17590, 17591, 17592, 17593, 17594, 17595, 17596, 17598, 17599, 17600, 17601, 17602, 17604, 17605, 17608, 17610, 17611, 17613, 17614, 17616, 17617, 17618, 17619, 17622, 17623, 17624, 17625, 17627, 17628, 17629, 17630, 17632, 17633, 17635, 17636, 17637, 17641, 17643, 17644, 17645, 17646, 17647, 17648, 17649, 17650, 17652, 17653, 17656, 17658, 17659, 17660, 17661, 17664, 17665, 17666, 17667, 17668, 17670, 17671, 17673, 17674, 17675, 17676, 17678, 17679, 17680, 17681, 17682, 17683, 17684, 17685, 17686, 17687, 17688, 17690, 17691, 17692, 17693, 17694, 17695, 17696, 17698, 17699, 17701, 17703, 17704, 17705, 17706, 17708, 17709, 17710, 17711, 17712, 17713, 17714, 17715, 17716, 17718, 17719, 17720, 17721, 17722, 17724, 17725, 17730, 17731, 17733, 17734, 17735, 17736, 17738, 17739, 17741, 17743, 17745, 17746, 17747, 17748, 17750, 17754, 17755, 17758, 17759, 17760, 17762, 17764, 17765, 17767, 17769, 17771, 17772, 17774, 17775, 17776, 17777, 17778, 17779, 17780, 17781, 17783, 17784, 17785, 17786, 17788, 17789, 17790, 17791, 17793, 17795, 17797, 17800, 17802, 17803, 17804, 17807, 17809, 17811, 17812, 17814, 17815, 17817, 17819, 17820, 17822, 17824, 17826, 17828, 17834, 17835, 17836, 17837, 17838, 17839, 17840, 17842, 17844, 17845, 17849, 17851, 17852, 17853, 17854, 17856, 17857, 17858, 17859, 17861, 17862, 17865, 17867, 17868, 17869, 17870, 17872, 17873, 17874, 17875, 17876, 17877, 17878, 17879, 17881, 17884, 17887, 17888, 17891, 17893, 17895, 17896, 17902, 17904, 17905, 17906, 17910, 17911, 17913, 17914, 17916, 17917, 17918, 17919, 17921, 17922, 17925, 17926, 17928, 17930, 17931, 17932, 17933, 17934, 17935, 17936, 17939, 17940, 17941, 17942, 17943, 17944, 17945, 17946, 17947, 17948, 17949, 17950, 17951, 17952, 17954, 17955, 17958, 17961, 17963, 17965, 17966, 17968, 17970, 17971, 17972, 17974, 17975, 17978, 17979, 17980, 17981, 17982, 17984, 17985, 17986, 17987, 17988, 17989, 17991, 17993, 17994, 17995, 17996, 17997, 17999, 18000, 18001, 18002, 18003, 18004, 18005, 18006, 18008, 18010, 18012, 18015, 18016, 18017, 18018, 18019, 18021, 18022, 18024, 18027, 18028, 18029, 18030, 18032, 18033, 18035, 18038, 18039, 18040, 18041, 18042, 18043, 18044, 18045, 18046, 18048, 18049, 18050, 18051, 18052, 18053, 18054, 18056, 18057, 18058, 18059, 18060, 18062, 18065, 18067, 18068, 18069, 18071, 18073, 18074, 18075, 18077, 18078, 18079, 18080, 18081, 18083, 18084, 18086, 18087, 18088, 18089, 18090, 18091, 18092, 18093, 18095, 18096, 18099, 18102, 18103, 18104, 18105, 18106, 18107, 18108, 18109, 18110, 18115, 18119, 18120, 18121, 18123, 18124, 18125, 18129, 18130, 18134, 18135, 18136, 18138, 18139, 18143, 18145, 18146, 18148, 18149, 18150, 18151, 18152, 18153, 18155, 18156, 18157, 18158, 18161, 18164, 18166, 18168, 18169, 18171, 18174, 18175, 18178, 18180, 18183, 18184, 18186, 18189, 18190, 18191, 18192, 18193, 18195, 18196, 18197, 18201, 18202, 18203, 18205, 18206, 18208, 18209, 18210, 18212, 18213, 18214, 18215, 18216, 18217, 18218, 18220, 18221, 18223, 18224, 18225, 18226, 18227, 18228, 18231, 18232, 18234, 18235, 18236, 18239, 18240, 18242, 18243, 18245, 18248, 18251, 18252, 18253, 18254, 18255, 18256, 18258, 18261, 18263, 18264, 18265, 18267, 18269, 18272, 18273, 18276, 18277, 18278, 18279, 18280, 18282, 18283, 18284, 18286, 18287, 18290, 18291, 18292, 18295, 18296, 18297, 18299, 18301, 18302, 18303, 18304, 18306, 18307, 18310, 18311, 18312, 18313, 18314, 18315, 18316, 18320, 18324, 18325, 18326, 18327, 18328, 18330, 18331, 18333, 18335, 18337, 18338, 18339, 18341, 18342, 18347, 18348, 18349, 18351, 18352, 18353, 18355, 18356, 18357, 18359, 18360, 18362, 18365, 18366, 18368, 18370, 18372, 18373, 18374, 18376, 18377, 18378, 18379, 18380, 18381, 18382, 18383, 18384, 18385, 18386, 18388, 18389, 18390, 18391, 18394, 18395, 18396, 18397, 18398, 18399, 18400, 18403, 18404, 18405, 18406, 18407, 18412, 18413, 18414, 18415, 18417, 18418, 18420, 18421, 18422, 18423, 18424, 18425, 18426, 18427, 18429, 18434, 18435, 18436, 18440, 18442, 18444, 18446, 18448, 18449, 18451, 18452, 18454, 18456, 18458, 18460, 18461, 18464, 18465, 18466, 18467, 18468, 18469, 18470, 18472, 18473, 18474, 18475, 18476, 18480, 18483, 18484, 18485, 18486, 18488, 18489, 18492, 18494, 18496, 18497, 18498, 18500, 18502, 18504, 18506, 18508, 18510, 18512, 18513, 18515, 18516, 18518, 18521, 18522, 18524, 18527, 18529, 18530, 18531, 18532, 18533, 18534, 18535, 18537, 18538, 18541, 18542, 18543, 18544, 18547, 18548, 18549, 18551, 18552, 18555, 18556, 18557, 18559, 18560, 18562, 18563, 18564, 18565, 18566, 18567, 18570, 18571, 18572, 18574, 18576, 18577, 18579, 18580, 18583, 18584, 18585, 18587, 18588, 18590, 18591, 18592, 18593, 18594, 18596, 18598, 18600, 18601, 18603, 18605, 18608, 18609, 18610, 18611, 18612, 18613, 18615, 18617, 18618, 18622, 18624, 18627, 18628, 18629, 18630, 18631, 18632, 18633, 18634, 18635, 18637, 18638, 18639, 18641, 18642, 18644, 18645, 18646, 18647, 18649, 18650, 18651, 18653, 18654, 18656, 18657, 18658, 18659, 18663, 18664, 18665, 18666, 18671, 18672, 18673, 18674, 18675, 18676, 18677, 18678, 18679, 18680, 18681, 18682, 18683, 18685, 18686, 18687, 18689, 18690, 18691, 18693, 18695, 18696, 18699, 18701, 18702, 18704, 18705, 18706, 18709, 18710, 18713, 18714, 18716, 18718, 18719, 18720, 18721, 18722, 18723, 18725, 18726, 18727, 18728, 18729, 18730, 18731, 18733, 18734, 18739, 18740, 18741, 18742, 18744, 18747, 18748, 18749, 18750, 18751, 18752, 18753, 18755, 18756, 18757, 18759, 18760, 18761, 18763, 18764, 18765, 18768, 18769, 18770, 18771, 18772, 18773, 18774, 18775, 18776, 18778, 18780, 18781, 18782, 18784, 18787, 18789, 18790, 18791, 18792, 18794, 18798, 18799, 18800, 18802, 18805, 18806, 18807, 18808, 18809, 18810, 18811, 18812, 18813, 18814, 18815, 18816, 18817, 18818, 18821, 18822, 18828, 18829, 18830, 18833, 18834, 18835, 18839, 18840, 18841, 18843, 18845, 18846, 18847, 18848, 18850, 18851, 18852, 18853, 18856, 18857, 18858, 18861, 18862, 18863, 18864, 18865, 18867, 18868, 18870, 18871, 18872, 18876, 18877, 18884, 18886, 18888, 18889, 18892, 18894, 18895, 18896, 18897, 18898, 18902, 18907, 18908, 18910, 18915, 18916, 18917, 18918, 18919, 18920, 18921, 18923, 18924, 18927, 18928, 18930, 18931, 18932, 18933, 18935, 18938, 18939, 18940, 18941, 18943, 18944, 18946, 18947, 18948, 18949, 18951, 18953, 18954, 18955, 18959, 18960, 18961, 18963, 18966, 18969, 18970, 18971, 18973, 18975, 18976, 18978, 18980, 18981, 18983, 18984, 18987, 18991, 18992, 18993, 18995, 18996, 18998, 18999, 19000, 19001, 19002, 19004, 19005, 19006, 19007, 19008, 19009, 19010, 19012, 19014, 19015, 19017, 19019, 19020, 19022, 19023, 19024, 19025, 19028, 19029, 19031, 19032, 19037, 19038, 19040, 19041, 19042, 19044, 19046, 19047, 19048, 19049, 19057, 19058, 19059, 19060, 19061, 19062, 19065, 19067, 19071, 19072, 19074, 19077, 19078, 19079, 19080, 19081, 19083, 19084, 19085, 19086, 19088, 19089, 19093, 19096, 19097, 19098, 19099, 19100, 19103, 19104, 19106, 19107, 19108, 19109, 19110, 19111, 19112, 19114, 19115, 19116, 19117, 19118, 19119, 19121, 19124, 19125, 19126, 19128, 19130, 19131, 19133, 19136, 19138, 19139, 19140, 19142, 19143, 19144, 19146, 19147, 19148, 19149, 19150, 19151, 19154, 19156, 19158, 19162, 19164, 19165, 19167, 19168, 19169, 19171, 19172, 19174, 19175, 19176, 19177, 19178, 19179, 19180, 19182, 19183, 19184, 19185, 19187, 19189, 19190, 19191, 19192, 19193, 19194, 19196, 19197, 19198, 19199, 19200, 19201, 19203, 19204, 19205, 19206, 19212, 19215, 19216, 19218, 19221, 19223, 19224, 19225, 19227, 19229, 19230, 19232, 19235, 19238, 19239, 19240, 19241, 19242, 19244, 19245, 19249, 19250, 19251, 19253, 19254, 19255, 19256, 19258, 19260, 19262, 19263, 19265, 19266, 19269, 19270, 19271, 19272, 19273, 19274, 19277, 19278, 19279, 19280, 19281, 19282, 19283, 19285, 19286, 19287, 19288, 19289, 19291, 19292, 19294, 19295, 19296, 19297, 19298, 19299, 19301, 19302, 19303, 19305, 19308, 19309, 19310, 19311, 19312, 19313, 19314, 19315, 19316, 19318, 19320, 19321, 19323, 19324, 19325, 19326, 19327, 19328, 19330, 19331, 19333, 19334, 19336, 19339, 19340, 19342, 19343, 19344, 19346, 19347, 19348, 19349, 19352, 19353, 19354, 19356, 19358, 19360, 19362, 19364, 19365, 19366, 19370, 19373, 19374, 19375, 19377, 19378, 19379, 19380, 19381, 19383, 19384, 19385, 19388, 19391, 19393, 19394, 19395, 19396, 19397, 19401, 19403, 19404, 19405, 19407, 19408, 19409, 19411, 19413, 19414, 19416, 19417, 19419, 19420, 19421, 19422, 19424, 19425, 19427, 19428, 19429, 19430, 19431, 19433, 19434, 19436, 19439, 19440, 19441, 19443, 19446, 19448, 19449, 19450, 19451, 19452, 19455, 19458, 19459, 19460, 19461, 19463, 19464, 19465, 19466, 19467, 19470, 19471, 19473, 19474, 19475, 19476, 19477, 19478, 19480, 19483, 19484, 19485, 19486, 19488, 19490, 19491, 19493, 19494, 19495, 19496, 19498, 19499, 19500, 19502, 19503, 19505, 19506, 19507, 19508, 19515, 19516, 19519, 19522, 19523, 19526, 19527, 19528, 19529, 19530, 19531, 19532, 19533, 19536, 19537, 19538, 19539, 19540, 19541, 19543, 19548, 19549, 19550, 19553, 19555, 19556, 19558, 19559, 19560, 19561, 19562, 19563, 19567, 19568, 19573, 19574, 19575, 19576, 19578, 19579, 19580, 19581, 19582, 19583, 19584, 19585, 19587, 19588, 19589, 19590, 19592, 19593, 19594, 19595, 19596, 19598, 19600, 19601, 19604, 19605, 19606, 19607, 19608, 19609, 19611, 19613, 19614, 19615, 19616, 19618, 19619, 19620, 19621, 19622, 19623, 19624, 19627, 19629, 19630, 19631, 19632, 19635, 19636, 19637, 19639, 19641, 19643, 19644, 19646, 19652, 19653, 19654, 19656, 19657, 19659, 19660, 19661, 19662, 19664, 19665, 19669, 19671, 19673, 19679, 19680, 19681, 19683, 19684, 19685, 19688, 19689, 19690, 19691, 19693, 19696, 19697, 19698, 19700, 19705, 19706, 19708, 19709, 19711, 19712, 19713, 19714, 19715, 19716, 19720, 19721, 19724, 19725, 19726, 19727, 19730, 19731, 19733, 19736, 19737, 19739, 19741, 19743, 19744, 19745, 19746, 19748, 19749, 19751, 19752, 19759, 19760, 19765, 19767, 19771, 19773, 19774, 19775, 19776, 19778, 19784, 19785, 19786, 19787, 19788, 19790, 19791, 19794, 19795, 19796, 19797, 19798, 19800, 19801, 19802, 19803, 19804, 19805, 19806, 19807, 19808, 19810, 19811, 19812, 19814, 19815, 19816, 19817, 19818, 19822, 19823, 19824, 19825, 19827, 19829, 19830, 19832, 19833, 19834, 19835, 19837, 19838, 19842, 19843, 19844, 19845, 19846, 19847, 19848, 19850, 19851, 19852, 19854, 19855, 19856, 19857, 19858, 19860, 19862, 19863, 19864, 19865, 19867, 19868, 19869, 19871, 19872, 19874, 19875, 19876, 19877, 19878, 19879, 19880, 19881, 19882, 19884, 19886, 19887, 19889, 19890, 19892, 19893, 19895, 19896, 19897, 19900, 19902, 19903, 19905, 19909, 19910, 19912, 19913, 19914, 19916, 19917, 19918, 19919, 19920, 19924, 19925, 19926, 19927, 19929, 19930, 19931, 19932, 19934, 19935, 19936, 19937, 19938, 19940, 19942, 19943, 19944, 19945, 19946, 19948, 19950, 19951, 19953, 19956, 19958, 19963, 19965, 19966, 19968, 19970, 19973, 19974, 19975, 19978, 19979, 19981, 19982, 19983, 19985, 19986, 19988, 19989, 19990, 19991, 19992, 19993, 19994, 19997, 19999, 20000, 20001, 20002, 20004, 20005, 20007, 20009, 20014, 20016, 20017, 20019, 20021, 20023, 20024, 20026, 20027, 20028, 20029, 20032, 20033, 20034, 20035, 20038, 20042, 20043, 20044, 20045, 20049, 20050, 20051, 20053, 20054, 20057, 20061, 20062, 20063, 20064, 20067, 20068, 20071, 20072, 20073, 20074, 20075, 20076, 20077, 20078, 20079, 20080, 20082, 20084, 20085, 20087, 20088, 20089, 20090, 20091, 20092, 20093, 20094, 20095, 20096, 20097, 20098, 20100, 20102, 20104, 20107, 20108, 20110, 20113, 20114, 20115, 20119, 20120, 20121, 20122, 20123, 20126, 20127, 20128, 20131, 20132, 20137, 20139, 20142, 20145, 20146, 20148, 20149, 20152, 20153, 20155, 20156, 20157, 20159, 20161, 20162, 20163, 20164, 20165, 20166, 20167, 20168, 20170, 20172, 20173, 20176, 20179, 20180, 20181, 20184, 20185, 20186, 20187, 20188, 20189, 20190, 20193, 20195, 20196, 20197, 20198, 20203, 20205, 20207, 20212, 20213, 20214, 20215, 20216, 20219, 20221, 20224, 20226, 20227, 20228, 20230, 20231, 20232, 20234, 20235, 20237, 20238, 20239, 20240, 20242, 20243, 20244, 20245, 20246, 20247, 20248, 20253, 20254, 20255, 20256, 20258, 20259, 20260, 20261, 20262, 20263, 20264, 20265, 20269, 20270, 20271, 20273, 20274, 20275, 20276, 20277, 20279, 20283, 20287, 20289, 20290, 20293, 20294, 20295, 20298, 20302, 20303, 20307, 20308, 20309, 20311, 20312, 20313, 20314, 20315, 20318, 20321, 20322, 20324, 20325, 20327, 20328, 20329, 20330, 20331, 20332, 20333, 20334, 20335, 20337, 20339, 20340, 20342, 20346, 20352, 20353, 20354, 20355, 20357, 20358, 20359, 20360, 20361, 20362, 20363, 20364, 20365, 20366, 20367, 20368, 20369, 20370, 20371, 20373, 20374, 20375, 20376, 20377, 20378, 20379, 20380, 20381, 20382, 20383, 20384, 20388, 20389, 20391, 20393, 20399, 20401, 20402, 20405, 20406, 20408, 20409, 20410, 20411, 20412, 20413, 20414, 20415, 20416, 20418, 20419, 20421, 20422, 20423, 20425, 20426, 20428, 20435, 20436, 20437, 20441, 20442, 20445, 20446, 20447, 20448, 20450, 20452, 20454, 20456, 20458, 20459, 20461, 20467, 20468, 20469, 20470, 20471, 20472, 20473, 20474, 20476, 20477, 20478, 20479, 20485, 20486, 20492, 20493, 20495, 20496, 20497, 20498, 20499, 20500, 20502, 20503, 20504, 20506, 20507, 20510, 20512, 20513, 20514, 20515, 20516, 20517, 20518, 20519, 20520, 20521, 20522, 20523, 20524, 20525, 20526, 20527, 20528, 20529, 20530, 20533, 20534, 20537, 20538, 20539, 20543, 20544, 20547, 20548, 20550, 20551, 20553, 20554, 20556, 20557, 20558, 20561, 20562, 20566, 20570, 20572, 20573, 20574, 20575, 20576, 20577, 20578, 20580, 20581, 20585, 20586, 20589, 20590, 20591, 20593, 20594, 20595, 20596, 20598, 20599, 20600, 20601, 20602, 20604, 20605, 20606, 20607, 20608, 20614, 20615, 20617, 20619, 20620, 20623, 20624, 20625, 20626, 20627, 20629, 20630, 20631, 20633, 20634, 20635, 20637, 20638, 20639, 20640, 20641, 20642, 20646, 20649, 20651, 20652, 20653, 20654, 20656, 20657, 20658, 20659, 20660, 20662, 20663, 20664, 20667, 20668, 20669, 20670, 20672, 20673, 20674, 20676, 20683, 20684, 20685, 20686, 20687, 20688, 20689, 20691, 20692, 20693, 20694, 20695, 20696, 20697, 20699, 20700, 20701, 20702, 20703, 20704, 20706, 20707, 20708, 20709, 20710, 20711, 20714, 20715, 20718, 20719, 20721, 20724, 20726, 20731, 20732, 20734, 20735, 20738, 20740, 20742, 20743, 20744, 20747, 20749, 20750, 20751, 20752, 20753, 20755, 20756, 20759, 20760, 20761, 20763, 20764, 20765, 20766, 20768, 20769, 20770, 20771, 20772, 20773, 20774, 20777, 20778, 20779, 20780, 20781, 20782, 20783, 20787, 20788, 20789, 20791, 20794, 20795, 20796, 20798, 20799, 20801, 20804, 20806, 20807, 20808, 20809, 20811, 20812, 20815, 20816, 20817, 20818, 20819, 20820, 20821, 20822, 20824, 20825, 20827, 20828, 20829, 20831, 20833, 20834, 20835, 20837, 20839, 20841, 20843, 20845, 20847, 20849, 20851, 20852, 20854, 20855, 20856, 20859, 20860, 20861, 20863, 20865, 20866, 20867, 20868, 20869, 20870, 20872, 20874, 20875, 20876, 20877, 20880, 20881, 20884, 20886, 20887, 20888, 20889, 20891, 20894, 20895, 20896, 20897, 20898, 20899, 20900, 20901, 20905, 20908, 20910, 20911, 20913, 20914, 20917, 20918, 20919, 20920, 20921, 20922, 20923, 20924, 20926, 20927, 20928, 20930, 20931, 20933, 20935, 20936, 20937, 20938, 20939, 20940, 20943, 20944, 20945, 20948, 20950, 20951, 20953, 20955, 20956, 20957, 20958, 20959, 20961, 20963, 20964, 20966, 20969, 20970, 20971, 20974, 20975, 20977, 20979, 20980, 20982, 20983, 20985, 20986, 20987, 20988, 20989, 20990, 20991, 20992, 20993, 20995, 20996, 20997, 20998, 20999, 21000, 21001, 21002, 21003, 21006, 21008, 21011, 21013, 21014, 21015, 21017, 21018, 21021, 21023, 21024, 21025, 21027, 21029, 21031, 21032, 21035, 21037, 21038, 21039, 21040, 21041, 21043, 21044, 21045, 21046, 21047, 21051, 21053, 21056, 21057, 21058, 21059, 21063, 21064, 21066, 21067, 21068, 21070, 21072, 21073, 21074, 21075, 21076, 21077, 21078, 21080, 21081, 21084, 21087, 21090, 21094, 21103, 21104, 21108, 21109, 21110, 21111, 21113, 21114, 21116, 21117, 21118, 21119, 21120, 21122, 21124, 21125, 21128, 21129, 21130, 21131, 21132, 21134, 21135, 21136, 21137, 21138, 21139, 21140, 21141, 21142, 21143, 21144, 21147, 21153, 21154, 21155, 21157, 21158, 21159, 21160, 21161, 21162, 21163, 21166, 21167, 21168, 21169, 21175, 21176, 21178, 21179, 21180, 21181, 21184, 21185, 21187, 21188, 21189, 21190, 21191, 21193, 21194, 21195, 21196, 21198, 21199, 21200, 21201, 21203, 21204, 21207, 21213, 21214, 21215, 21217, 21220, 21221, 21222, 21223, 21224, 21225, 21226, 21227, 21228, 21229, 21230, 21231, 21233, 21234, 21235, 21236, 21239, 21240, 21242, 21244, 21245, 21246, 21247, 21248, 21250, 21252, 21254, 21257, 21258, 21260, 21261, 21263, 21265, 21267, 21268, 21270, 21271, 21273, 21275, 21276, 21277, 21279, 21281, 21282, 21283, 21286, 21287, 21288, 21290, 21293, 21296, 21298, 21299, 21302, 21303, 21305, 21307, 21308, 21311, 21312, 21313, 21319, 21320, 21321, 21322, 21323, 21325, 21328, 21329, 21330, 21331, 21333, 21335, 21336, 21337, 21340, 21341, 21342, 21344, 21345, 21347, 21348, 21350, 21353, 21355, 21356, 21357, 21359, 21360, 21361, 21362, 21366, 21367, 21368, 21370, 21371, 21372, 21375, 21377, 21378, 21379, 21382, 21383, 21384, 21387, 21388, 21390, 21391, 21392, 21394, 21395, 21396, 21398, 21400, 21402, 21403, 21405, 21408, 21410, 21411, 21412, 21413, 21414, 21415, 21417, 21418, 21419, 21420, 21421, 21422, 21424, 21427, 21428, 21430, 21433, 21435, 21437, 21439, 21442, 21444, 21445, 21446, 21447, 21450, 21451, 21452, 21454, 21455, 21456, 21458, 21459, 21462, 21463, 21465, 21466, 21467, 21468, 21469, 21470, 21471, 21472, 21473, 21474, 21475, 21480, 21481, 21482, 21483, 21484, 21487, 21488, 21490, 21491, 21495, 21497, 21499, 21500, 21503, 21504, 21505, 21506, 21509, 21510, 21513, 21514, 21515, 21517, 21518, 21519, 21520, 21521, 21522, 21524, 21526, 21529, 21530, 21532, 21534, 21535, 21536, 21538, 21539, 21541, 21542, 21543, 21544, 21545, 21546, 21547, 21548, 21549, 21555, 21556, 21557, 21558, 21559, 21560, 21564, 21565, 21566, 21567, 21568, 21570, 21571, 21573, 21574, 21575, 21576, 21577, 21578, 21579, 21582, 21583, 21584, 21585, 21588, 21591, 21592, 21594, 21595, 21597, 21598, 21601, 21603, 21604, 21605, 21606, 21607, 21610, 21611, 21612, 21613, 21617, 21620, 21621, 21623, 21624, 21625, 21627, 21628, 21629, 21630, 21631, 21633, 21634, 21635, 21636, 21637, 21639, 21643, 21644, 21646, 21647, 21648, 21649, 21651, 21653, 21654, 21657, 21659, 21661, 21662, 21663, 21666, 21667, 21670, 21671, 21672, 21674, 21676, 21677, 21678, 21679, 21680, 21681, 21682, 21683, 21684, 21685, 21687, 21688, 21689, 21690, 21693, 21695, 21696, 21702, 21703, 21704, 21705, 21707, 21708, 21709, 21712, 21713, 21714, 21715, 21717, 21719, 21720, 21726, 21727, 21728, 21729, 21731, 21732, 21734, 21735, 21736, 21739, 21740, 21741, 21742, 21745, 21747, 21749, 21751, 21752, 21753, 21754, 21755, 21756, 21757, 21760, 21762, 21767, 21768, 21769, 21770, 21774, 21775, 21776, 21777, 21780, 21785, 21786, 21787, 21788, 21790, 21792, 21793, 21794, 21795, 21798, 21799, 21800, 21802, 21803, 21804, 21805, 21806, 21807, 21808, 21809, 21810, 21811, 21813, 21814, 21815, 21816, 21817, 21818, 21819, 21824, 21825, 21827, 21828, 21829, 21830, 21831, 21832, 21833, 21834, 21837, 21839, 21840, 21841, 21842, 21843, 21844, 21847, 21848, 21850, 21851, 21852, 21853, 21855, 21857, 21859, 21860, 21861, 21862, 21864, 21865, 21866, 21867, 21868, 21869, 21870, 21872, 21873, 21874, 21876, 21881, 21882, 21883, 21884, 21885, 21886, 21887, 21888, 21889, 21892, 21894, 21897, 21898, 21899, 21902, 21904, 21905, 21908, 21909, 21910, 21913, 21914, 21916, 21917, 21920, 21921, 21922, 21926, 21929, 21930, 21932, 21934, 21936, 21940, 21942, 21944, 21945, 21947, 21948, 21949, 21950, 21951, 21953, 21954, 21955, 21957, 21958, 21960, 21961, 21964, 21965, 21967, 21968, 21969, 21975, 21976, 21978, 21980, 21982, 21983, 21986, 21988, 21989, 21994, 21996, 21998, 21999, 22000, 22004, 22005, 22006, 22008, 22009, 22012, 22014, 22015, 22016, 22017, 22018, 22019, 22020, 22021, 22023, 22025, 22026, 22029, 22030, 22034, 22035, 22036, 22038, 22043, 22044, 22046, 22047, 22049, 22050, 22051, 22053, 22055, 22059, 22060, 22062, 22065, 22067, 22068, 22069, 22070, 22071, 22072, 22073, 22074, 22077, 22079, 22080, 22081, 22085, 22086, 22088, 22089, 22090, 22091, 22092, 22093, 22094, 22095, 22096, 22097, 22100, 22103, 22108, 22109, 22110, 22111, 22112, 22113, 22114, 22115, 22117, 22118, 22119, 22120, 22122, 22123, 22124, 22125, 22126, 22127, 22128, 22129, 22130, 22131, 22136, 22137, 22139, 22140, 22142, 22144, 22145, 22146, 22148, 22150, 22151, 22154, 22155, 22157, 22159, 22160, 22162, 22164, 22165, 22167, 22171, 22173, 22174, 22175, 22178, 22179, 22182, 22183, 22184, 22189, 22190, 22192, 22193, 22194, 22195, 22196, 22198, 22200, 22201, 22203, 22204, 22207, 22208, 22209, 22210, 22211, 22213, 22214, 22216, 22218, 22221, 22222, 22223, 22225, 22227, 22228, 22229, 22230, 22231, 22233, 22234, 22235, 22236, 22239, 22240, 22242, 22243, 22246, 22247, 22248, 22251, 22253, 22254, 22255, 22256, 22258, 22260, 22262, 22263, 22264, 22265, 22266, 22267, 22268, 22270, 22275, 22276, 22277, 22279, 22280, 22281, 22282, 22286, 22287, 22290, 22291, 22293, 22294, 22295, 22296, 22297, 22298, 22299, 22300, 22301, 22302, 22303, 22304, 22305, 22307, 22309, 22310, 22311, 22312, 22313, 22314, 22316, 22317, 22318, 22319, 22323, 22325, 22326, 22328, 22329, 22333, 22335, 22337, 22338, 22339, 22340, 22342, 22343, 22348, 22349, 22350, 22354, 22355, 22357, 22359, 22361, 22362, 22364, 22365, 22366, 22368, 22371, 22372, 22373, 22374, 22376, 22377, 22378, 22380, 22384, 22386, 22387, 22389, 22390, 22391, 22392, 22393, 22394, 22395, 22397, 22398, 22400, 22406, 22409, 22410, 22411, 22412, 22414, 22415, 22416, 22417, 22418, 22419, 22420, 22423, 22425, 22426, 22427, 22428, 22430, 22431, 22432, 22434, 22435, 22436, 22440, 22441, 22442, 22443, 22444, 22445, 22447, 22449, 22450, 22455, 22456, 22457, 22460, 22462, 22463, 22464, 22466, 22469, 22470, 22471, 22472, 22473, 22475, 22476, 22477, 22479, 22480, 22481, 22482, 22483, 22484, 22487, 22488, 22491, 22493, 22497, 22499, 22503, 22507, 22508, 22509, 22510, 22512, 22513, 22514, 22515, 22516, 22517, 22518, 22519, 22520, 22522, 22523, 22526, 22527, 22528, 22529, 22530, 22534, 22535, 22537, 22540, 22541, 22542, 22543, 22545, 22547, 22549, 22552, 22554, 22555, 22556, 22558, 22561, 22562, 22563, 22564, 22565, 22566, 22569, 22570, 22571, 22572, 22573, 22575, 22576, 22580, 22581, 22582, 22583, 22586, 22587, 22588, 22590, 22591, 22592, 22595, 22596, 22598, 22599, 22601, 22602, 22603, 22605, 22606, 22607, 22609, 22612, 22613, 22615, 22620, 22623, 22624, 22625, 22626, 22628, 22630, 22631, 22632, 22634, 22638, 22639, 22641, 22642, 22644, 22646, 22649, 22650, 22653, 22654, 22655, 22656, 22657, 22658, 22659, 22661, 22662, 22663, 22664, 22665, 22667, 22668, 22670, 22673, 22675, 22677, 22678, 22679, 22680, 22682, 22683, 22685, 22687, 22688, 22689, 22690, 22691, 22692, 22693, 22694, 22695, 22696, 22698, 22699, 22701, 22702, 22703, 22704, 22705, 22706, 22708, 22709, 22711, 22712, 22713, 22714, 22718, 22719, 22722, 22724, 22727, 22728, 22729, 22731, 22732, 22733, 22736, 22737, 22738, 22741, 22742, 22744, 22745, 22746, 22747, 22748, 22751, 22752, 22753, 22754, 22755, 22756, 22757, 22759, 22760, 22761, 22762, 22764, 22765, 22766, 22767, 22768, 22770, 22771, 22773, 22775, 22776, 22778, 22779, 22780, 22782, 22784, 22785, 22788, 22789, 22790, 22793, 22795, 22797, 22798, 22799, 22801, 22802, 22804, 22805, 22806, 22807, 22809, 22811, 22812, 22813, 22815, 22816, 22818, 22819, 22823, 22827, 22829, 22830, 22831, 22832, 22833, 22835, 22836, 22838, 22840, 22841, 22843, 22844, 22846, 22847, 22848, 22849, 22850, 22851, 22852, 22853, 22854, 22855, 22856, 22858, 22859, 22860, 22861, 22862, 22867, 22868, 22870, 22871, 22873, 22874, 22875, 22876, 22878, 22880, 22883, 22885, 22887, 22888, 22890, 22891, 22893, 22894, 22895, 22896, 22897, 22898, 22899, 22900, 22903, 22911, 22915, 22916, 22917, 22920, 22922, 22925, 22926, 22928, 22933, 22934, 22937, 22940, 22941, 22943, 22944, 22947, 22949, 22950, 22951, 22955, 22956, 22959, 22961, 22965, 22966, 22968, 22969, 22971, 22972, 22973, 22974, 22975, 22976, 22978, 22980, 22981, 22983, 22984, 22986, 22987, 22989, 22990, 22991, 22992, 22993, 22994, 22995, 22999, 23000, 23002, 23005, 23006, 23009, 23010, 23011, 23015, 23016, 23017, 23018, 23019, 23020, 23021, 23023, 23024, 23025, 23026, 23027, 23029, 23030, 23031, 23033, 23034, 23035, 23036, 23037, 23038, 23041, 23043, 23046, 23047, 23048, 23051, 23052, 23053, 23054, 23055, 23057, 23058, 23060, 23061, 23064, 23065, 23066, 23067, 23068, 23069, 23071, 23072, 23073, 23075, 23077, 23078, 23080, 23081, 23082, 23084, 23085, 23087, 23088, 23089, 23090, 23091, 23092, 23093, 23096, 23097, 23098, 23099, 23101, 23103, 23104, 23105, 23107, 23109, 23111, 23112, 23113, 23114, 23120, 23121, 23123, 23124, 23125, 23126, 23127, 23128, 23130, 23132, 23133, 23134, 23135, 23136, 23137, 23138, 23139, 23140, 23141, 23143, 23144, 23146, 23148, 23149, 23150, 23152, 23153, 23155, 23156, 23157, 23158, 23159, 23160, 23162, 23163, 23164, 23165, 23166, 23167, 23168, 23170, 23172, 23173, 23179, 23181, 23182, 23184, 23186, 23187, 23188, 23189, 23193, 23194, 23196, 23197, 23198, 23199, 23200, 23203, 23204, 23205, 23206, 23207, 23211, 23212, 23214, 23216, 23217, 23220, 23222, 23224, 23225, 23227, 23228, 23229, 23230, 23232, 23233, 23234, 23237, 23239, 23240, 23243, 23244, 23245, 23246, 23248, 23249, 23251, 23253, 23254, 23256, 23257, 23258, 23259, 23261, 23262, 23263, 23266, 23267, 23268, 23269, 23270, 23271, 23272, 23273, 23274, 23276, 23279, 23281, 23283, 23286, 23289, 23291, 23292, 23293, 23295, 23296, 23297, 23302, 23303, 23304, 23305, 23308, 23309, 23310, 23311, 23312, 23314, 23315, 23316, 23317, 23318, 23321, 23325, 23326, 23328, 23329, 23330, 23332, 23333, 23334, 23335, 23338, 23339, 23341, 23342, 23344, 23347, 23349, 23350, 23351, 23352, 23353, 23355, 23356, 23358, 23361, 23362, 23364, 23365, 23367, 23368, 23369, 23373, 23375, 23376, 23377, 23378, 23380, 23381, 23386, 23387, 23388, 23390, 23391, 23392, 23394, 23395, 23398, 23399, 23400, 23401, 23402, 23403, 23404, 23405, 23406, 23409, 23411, 23413, 23414, 23415, 23416, 23417, 23418, 23421, 23422, 23423, 23424, 23426, 23427, 23429, 23432, 23433, 23434, 23435, 23436, 23437, 23438, 23439, 23440, 23441, 23442, 23443, 23444, 23446, 23449, 23450, 23451, 23452, 23454, 23455, 23456, 23457, 23459, 23461, 23462, 23464, 23465, 23466, 23469, 23470, 23471, 23473, 23474, 23475, 23476, 23477, 23478, 23479, 23481, 23482, 23484, 23485, 23486, 23487, 23488, 23489, 23490, 23491, 23492, 23493, 23494, 23495, 23496, 23497, 23499, 23501, 23502, 23503, 23505, 23506, 23507, 23508, 23509, 23510, 23513, 23514, 23515, 23516, 23517, 23519, 23520, 23521, 23524, 23526, 23527, 23528, 23529, 23530, 23531, 23533, 23534, 23535, 23536, 23538, 23542, 23545, 23546, 23547, 23548, 23550, 23551, 23552, 23554, 23555, 23556, 23558, 23561, 23562, 23564, 23565, 23568, 23569, 23572, 23573, 23574, 23575, 23576, 23578, 23580, 23581, 23584, 23585, 23590, 23591, 23593, 23594, 23595, 23597, 23598, 23600, 23602, 23605, 23607, 23611, 23612, 23613, 23614, 23615, 23616, 23618, 23619, 23620, 23621, 23624, 23625, 23626, 23627, 23628, 23629, 23631, 23632, 23633, 23634, 23635, 23636, 23638, 23642, 23643, 23644, 23646, 23649, 23650, 23651, 23653, 23654, 23655, 23656, 23657, 23659, 23660, 23661, 23662, 23664, 23665, 23666, 23667, 23668, 23669, 23670, 23672, 23673, 23676, 23677, 23678, 23680, 23681, 23682, 23683, 23684, 23686, 23689, 23690, 23691, 23692, 23693, 23695, 23696, 23698, 23699, 23700, 23701, 23702, 23705, 23707, 23708, 23709, 23710, 23711, 23712, 23713, 23716, 23718, 23720, 23721, 23722, 23724, 23725, 23727, 23730, 23731, 23732, 23735, 23736, 23737, 23738, 23739, 23741, 23743, 23744, 23746, 23747, 23748, 23750, 23751, 23753, 23754, 23756, 23757, 23759, 23760, 23761, 23763, 23766, 23768, 23770, 23771, 23775, 23776, 23777, 23778, 23779, 23781, 23784, 23785, 23786, 23787, 23788, 23791, 23792, 23794, 23797, 23799, 23800, 23801, 23802, 23803, 23805, 23807, 23808, 23810, 23812, 23813, 23814, 23815, 23817, 23818, 23825, 23827, 23829, 23831, 23832, 23833, 23834, 23835, 23836, 23837, 23839, 23840, 23841, 23842, 23843, 23844, 23845, 23847, 23848, 23849, 23850, 23851, 23854, 23855, 23856, 23857, 23858, 23860, 23862, 23863, 23864, 23865, 23866, 23867, 23868, 23869, 23870, 23871, 23874, 23875, 23877, 23878, 23879, 23880, 23881, 23883, 23884, 23885, 23886, 23887, 23888, 23890, 23891, 23892, 23893, 23895, 23897, 23901, 23902, 23903, 23906, 23908, 23910, 23911, 23914, 23915, 23916, 23917, 23919, 23920, 23921, 23923, 23924, 23925, 23926, 23927, 23928, 23929, 23931, 23933, 23935, 23936, 23937, 23938, 23940, 23941, 23942, 23943, 23945, 23947, 23948, 23949, 23950, 23951, 23954, 23955, 23956, 23958, 23959, 23961, 23963, 23965, 23966, 23967, 23969, 23970, 23972, 23973, 23974, 23976, 23977, 23978, 23979, 23981, 23983, 23984, 23985, 23986, 23988, 23989, 23990, 23991, 23994, 23995, 23996, 24000, 24004, 24005, 24007, 24008, 24009, 24010, 24013, 24014, 24015, 24016, 24019, 24020, 24021, 24023, 24024, 24026, 24027, 24029, 24033, 24034, 24036, 24037, 24039, 24040, 24041, 24042, 24043, 24046, 24048, 24049, 24050, 24053, 24056, 24058, 24059, 24060, 24061, 24062, 24063, 24065, 24066, 24068, 24069, 24070, 24071, 24072, 24073, 24074, 24076, 24078, 24079, 24081, 24082, 24083, 24086, 24087, 24088, 24090, 24093, 24094, 24095, 24098, 24100, 24101, 24102, 24103, 24104, 24107, 24109, 24110, 24111, 24113, 24114, 24115, 24118, 24120, 24121, 24122, 24124, 24125, 24126, 24128, 24131, 24132, 24135, 24136, 24137, 24139, 24140, 24141, 24143, 24144, 24148, 24149, 24150, 24153, 24154, 24155, 24156, 24157, 24158, 24160, 24161, 24162, 24164, 24165, 24167, 24169, 24170, 24172, 24175, 24176, 24177, 24179, 24181, 24182, 24185, 24188, 24190, 24191, 24196, 24197, 24198, 24200, 24201, 24204, 24205, 24206, 24207, 24208, 24209, 24210, 24214, 24216, 24217, 24219, 24221, 24223, 24225, 24227, 24228, 24229, 24230, 24231, 24232, 24233, 24234, 24235, 24236, 24237, 24238, 24239, 24242, 24245, 24246, 24247, 24250, 24251, 24252, 24253, 24254, 24257, 24258, 24263, 24265, 24267, 24272, 24275, 24277, 24278, 24279, 24282, 24285, 24286, 24288, 24292, 24294, 24296, 24297, 24299, 24300, 24301, 24305, 24306, 24307, 24308, 24309, 24310, 24311, 24312, 24313, 24315, 24316, 24318, 24319, 24320, 24321, 24322, 24323, 24324, 24325, 24326, 24327, 24328, 24332, 24333, 24334, 24335, 24337, 24338, 24339, 24340, 24341, 24342, 24344, 24346, 24348, 24355, 24358, 24361, 24362, 24364, 24365, 24367, 24368, 24369, 24371, 24372, 24375, 24378, 24382, 24384, 24385, 24387, 24388, 24389, 24390, 24391, 24393, 24394, 24396, 24398, 24399, 24400, 24402, 24404, 24405, 24408, 24409, 24410, 24411, 24412, 24414, 24415, 24416, 24417, 24418, 24419, 24420, 24421, 24422, 24424, 24426, 24428, 24429, 24430, 24431, 24433, 24434, 24436, 24437, 24438, 24439, 24441, 24442, 24443, 24444, 24445, 24447, 24448, 24449, 24451, 24452, 24453, 24457, 24460, 24462, 24463, 24464, 24465, 24466, 24467, 24469, 24470, 24471, 24473, 24477, 24478, 24479, 24481, 24482, 24483, 24486, 24487, 24491, 24492, 24493, 24494, 24495, 24498, 24500, 24501, 24502, 24503, 24504, 24505, 24506, 24508, 24510, 24511, 24512, 24514, 24515, 24516, 24517, 24518, 24519, 24520, 24521, 24522, 24523, 24524, 24525, 24527, 24528, 24529, 24530, 24532, 24533, 24535, 24536, 24539, 24540, 24543, 24544, 24546, 24547, 24550, 24551, 24552, 24553, 24554, 24555, 24556, 24557, 24558, 24562, 24566, 24570, 24572, 24574, 24575, 24576, 24577, 24578, 24580, 24581, 24583, 24585, 24587, 24588, 24591, 24594, 24595, 24596, 24597, 24602, 24604, 24608, 24609, 24611, 24612, 24613, 24615, 24616, 24617, 24620, 24621, 24622, 24623, 24625, 24626, 24628, 24629, 24630, 24631, 24632, 24633, 24635, 24637, 24638, 24640, 24644, 24645, 24647, 24648, 24650, 24653, 24654, 24655, 24656, 24658, 24659, 24663, 24664, 24665, 24666, 24667, 24668, 24669, 24670, 24672, 24675, 24676, 24678, 24679, 24680, 24681, 24683, 24684, 24686, 24687, 24688, 24689, 24692, 24694, 24696, 24697, 24698, 24699, 24700, 24701, 24702, 24703, 24704, 24705, 24706, 24711, 24713, 24715, 24716, 24717, 24718, 24719, 24720, 24721, 24723, 24724, 24727, 24729, 24730, 24731, 24733, 24734, 24735, 24738, 24739, 24742, 24743, 24748, 24749, 24752, 24753, 24754, 24755, 24757, 24758, 24759, 24760, 24762, 24765, 24767, 24769, 24770, 24771, 24774, 24775, 24779, 24780, 24783, 24784, 24785, 24786, 24787, 24792, 24794, 24796, 24800, 24801, 24807, 24810, 24811, 24816, 24817, 24818, 24819, 24821, 24823, 24827, 24828, 24830, 24831, 24832, 24834, 24836, 24838, 24840, 24841, 24842, 24843, 24844, 24845, 24846, 24847, 24848, 24849, 24850, 24851, 24855, 24856, 24857, 24858, 24859, 24860, 24861, 24862, 24864, 24866, 24867, 24868, 24869, 24870, 24872, 24873, 24874, 24876, 24877, 24880, 24882, 24885, 24887, 24888, 24889, 24890, 24891, 24892, 24893, 24894, 24895, 24897, 24898, 24903, 24904, 24907, 24908, 24909, 24910, 24911, 24913, 24914, 24915, 24916, 24917, 24918, 24919, 24920, 24921, 24922, 24923, 24926, 24927, 24930, 24931, 24932, 24933, 24934, 24935, 24937, 24938, 24939, 24940, 24945, 24949, 24950, 24952, 24953, 24955, 24956, 24957, 24961, 24962, 24965, 24966, 24967, 24969, 24970, 24971, 24974, 24980, 24983, 24985, 24986, 24988, 24989, 24990, 24991, 24992, 24993, 24994, 24995, 24996, 24998, 25002, 25007, 25012, 25013, 25018, 25019, 25021, 25022, 25023, 25025, 25026, 25027, 25030, 25031, 25032, 25036, 25039, 25040, 25042, 25043, 25049, 25050, 25052, 25054, 25057, 25060, 25067, 25071, 25074, 25075, 25081, 25086, 25087, 25091, 25092, 25094, 25096, 25100, 25102, 25103, 25105, 25112, 25113, 25124, 25127, 25128, 25129, 25132, 25140, 25143, 25144, 25146, 25147, 25149, 25150, 25151, 25156, 25157, 25158, 25161, 25162, 25165, 25172, 25174, 25176, 25177, 25180, 25184, 25185, 25189, 25193, 25194, 25195, 25196, 25198, 25199, 25200, 25202, 25204, 25206, 25208, 25217, 25220, 25221, 25224, 25225, 25227, 25238, 25239, 25240, 25241, 25242, 25245, 25246, 25251, 25252, 25255, 25256, 25257, 25260, 25264, 25270, 25274, 25275, 25276, 25279, 25280, 25283, 25286, 25289, 25293, 25297, 25300, 25301, 25307, 25308, 25316, 25317, 25318, 25321, 25323, 25326, 25328, 25330, 25333, 25334, 25335, 25336, 25337, 25338, 25339, 25341, 25342, 25347, 25349, 25351, 25352, 25354, 25356, 25357, 25363, 25364, 25367, 25369, 25370, 25372, 25375, 25376, 25380, 25381, 25390, 25391, 25392, 25401, 25402, 25403, 25404, 25405, 25407, 25409, 25411, 25414, 25415, 25417, 25419, 25423, 25427, 25428, 25429, 25436, 25437, 25444, 25445, 25446, 25449, 25451, 25456, 25461, 25462, 25463, 25464, 25467, 25474, 25475, 25476, 25478, 25481, 25482, 25486, 25490, 25492, 25493, 25496, 25497, 25501, 25502, 25503, 25504, 25506, 25507, 25508, 25509, 25512, 25514, 25516, 25518, 25521, 25522, 25526, 25527, 25528, 25530, 25535, 25536, 25537, 25540, 25541, 25542, 25545, 25548, 25550, 25552, 25554, 25556, 25557, 25563, 25567, 25568, 25571, 25573, 25574, 25575, 25577, 25580, 25581, 25584, 25585, 25586, 25588, 25589, 25594, 25595, 25596, 25598, 25600, 25603, 25605, 25606, 25610, 25616, 25617, 25623, 25632, 25634, 25636, 25637, 25638, 25640, 25641, 25643, 25644, 25648, 25653, 25655, 25656, 25660, 25661, 25662, 25669, 25673, 25677, 25679, 25680, 25683, 25684, 25685, 25691, 25694, 25695, 25696, 25701, 25702, 25703, 25707, 25711, 25713, 25714, 25715, 25716, 25717, 25720, 25721, 25724, 25727, 25728, 25729, 25730, 25734, 25736, 25739, 25740, 25741, 25744, 25750, 25751, 25752, 25755, 25756, 25761, 25762, 25764, 25768, 25771, 25772, 25776, 25778, 25784, 25786, 25788, 25790, 25793, 25797, 25799, 25801, 25803, 25806, 25808, 25813, 25816, 25817, 25822, 25823, 25830, 25831, 25833, 25838, 25840, 25844, 25854, 25855, 25858, 25862, 25867, 25868, 25872, 25874, 25877, 25880, 25882, 25884, 25885, 25887, 25888, 25893, 25895, 25899, 25901, 25904, 25907, 25908, 25915, 25917, 25918, 25919, 25923, 25924, 25925, 25929, 25930, 25932, 25933, 25941, 25945, 25948, 25951, 25956, 25959, 25961, 25962, 25964, 25965, 25967, 25968, 25976, 25980, 25983, 25984, 25985, 25986, 25988, 25992, 25995, 26000, 26001, 26003, 26006, 26007, 26013, 26018, 26025, 26027, 26030, 26031, 26033, 26034, 26036, 26037, 26038, 26039, 26040, 26043, 26044, 26045, 26051, 26053, 26056, 26058, 26060, 26061, 26062, 26067, 26068, 26070, 26071, 26072, 26073, 26075, 26076, 26078, 26081, 26084, 26087, 26089, 26092, 26105, 26106, 26107, 26108, 26111, 26112, 26114, 26115, 26129, 26131, 26133, 26134, 26135, 26136, 26137, 26139, 26140, 26141, 26153, 26155, 26156, 26157, 26158, 26166, 26168, 26171, 26174, 26176, 26180, 26181, 26182, 26183, 26184, 26187, 26189, 26190, 26192, 26196, 26198, 26200, 26212, 26213, 26215, 26222, 26230, 26237, 26238, 26242, 26247, 26253, 26255, 26257, 26258, 26259, 26261, 26262, 26263, 26267, 26268, 26271, 26273, 26274, 26275, 26276, 26282, 26287, 26288, 26294, 26295, 26300, 26303, 26305, 26307, 26310, 26311, 26312, 26313, 26314, 26318, 26319, 26322, 26326, 26327, 26330, 26331, 26332, 26333, 26335, 26339, 26340, 26347, 26350, 26356, 26357, 26360, 26361, 26362, 26364, 26369, 26370, 26374, 26376, 26382, 26384, 26386, 26389, 26393, 26399, 26402, 26404, 26406, 26415, 26416, 26418, 26423, 26424, 26429, 26430, 26434, 26436, 26439, 26440, 26442, 26445, 26446, 26448, 26449, 26452, 26458, 26459, 26465, 26468, 26469, 26470, 26472, 26473, 26475, 26476, 26487, 26488, 26489, 26490, 26493, 26494, 26495, 26496, 26497, 26500, 26505, 26508, 26511, 26514, 26515, 26517, 26518, 26519, 26521, 26523, 26526, 26532, 26534, 26535, 26536, 26538, 26540, 26541, 26543, 26544, 26545, 26546, 26548, 26552, 26553, 26557, 26558, 26559, 26560, 26567, 26573, 26577, 26578, 26580, 26582, 26589, 26591, 26594, 26596, 26597, 26599, 26600, 26601, 26603, 26604, 26606, 26607, 26609, 26613, 26617, 26619, 26620, 26622, 26623, 26629, 26630, 26631, 26636, 26639, 26644, 26645, 26646, 26648, 26649, 26653, 26655, 26656, 26658, 26660, 26662, 26663, 26664, 26666, 26667, 26671, 26674, 26679, 26680, 26682, 26685, 26687, 26690, 26693, 26694, 26695, 26696, 26697, 26702, 26706, 26707, 26709, 26712, 26713, 26714, 26719, 26721, 26722, 26725, 26726, 26727, 26728, 26730, 26731, 26733, 26734, 26737, 26738, 26739, 26741, 26743, 26745, 26746, 26747, 26757, 26759, 26763, 26767, 26771, 26773, 26774, 26777, 26782, 26784, 26785, 26786, 26787, 26788, 26791, 26795, 26796, 26799, 26800, 26802, 26803, 26804, 26805, 26806, 26811, 26816, 26817, 26818, 26819, 26820, 26824, 26825, 26830, 26831, 26833, 26836, 26837, 26839, 26841, 26844, 26846, 26855, 26856, 26857, 26861, 26863, 26865, 26867, 26869, 26875, 26876, 26877, 26878, 26879, 26882, 26883, 26884, 26886, 26890, 26891, 26892, 26896, 26900, 26902, 26903, 26904, 26905, 26907, 26908, 26909, 26910, 26911, 26912, 26914, 26920, 26923, 26928, 26929, 26931, 26933, 26935, 26937, 26941, 26942, 26944, 26952, 26954, 26958, 26960, 26961, 26962, 26965, 26967, 26969, 26970, 26972, 26973, 26975, 26978, 26983, 26985, 26988, 26989, 26990, 26997, 26998, 27003, 27004, 27005, 27007, 27018, 27023, 27024, 27026, 27031, 27032, 27033, 27035, 27038, 27039, 27040, 27046, 27049, 27056, 27059, 27061, 27062, 27067, 27068, 27070, 27073, 27074, 27076, 27078, 27081, 27082, 27083, 27088, 27089, 27090, 27092, 27098, 27100, 27101, 27103, 27106, 27107, 27108, 27109, 27110, 27115, 27116, 27117, 27118, 27119, 27121, 27122, 27125, 27126, 27127, 27129, 27131, 27134, 27135, 27137, 27140, 27144, 27147, 27148, 27151, 27152, 27153, 27158, 27159, 27163, 27170, 27171, 27172, 27173, 27179, 27180, 27181, 27182, 27183, 27184, 27186, 27187, 27188, 27190, 27193, 27194, 27201, 27205, 27207, 27208, 27211, 27213, 27214, 27219, 27221, 27230, 27234, 27235, 27236, 27239, 27240, 27241, 27242, 27243, 27244, 27246, 27247, 27255, 27256, 27260, 27263, 27265, 27268, 27269, 27270, 27276, 27277, 27278, 27282, 27284, 27285, 27291, 27293, 27295, 27296, 27298, 27300, 27301, 27302, 27304, 27305, 27306, 27307, 27308, 27310, 27311, 27316, 27321, 27322, 27324, 27327, 27328, 27330, 27332, 27333, 27335, 27338, 27345, 27349, 27350, 27352, 27355, 27356, 27359, 27360, 27367, 27369, 27381, 27382, 27385, 27387, 27390, 27391, 27395, 27397, 27400, 27401, 27406, 27407, 27412, 27413, 27415, 27418, 27421, 27422, 27424, 27425, 27429, 27438, 27442, 27443, 27444, 27446, 27447, 27454, 27458, 27461, 27466, 27467, 27469, 27471, 27473, 27474, 27475, 27477, 27478, 27481, 27482, 27485, 27489, 27490, 27491, 27492, 27494, 27495, 27498, 27501, 27502, 27505, 27507, 27508, 27511, 27512, 27514, 27516, 27520, 27522, 27523, 27524, 27526, 27531, 27533, 27536, 27539, 27540, 27542, 27548, 27550, 27554, 27556, 27558, 27559, 27560, 27562, 27563, 27565, 27566, 27572, 27574, 27576, 27577, 27582, 27586, 27590, 27595, 27598, 27599, 27600, 27601, 27602, 27603, 27604, 27610, 27611, 27614, 27619, 27621, 27627, 27628, 27630, 27634, 27635, 27637, 27638, 27645, 27646, 27651, 27653, 27654, 27660, 27664, 27665, 27666, 27669, 27670, 27673, 27674, 27675, 27677, 27680, 27687, 27688, 27690, 27695, 27700, 27702, 27703, 27705, 27707, 27708, 27717, 27721, 27723, 27724, 27728, 27730, 27732, 27733, 27737, 27739, 27740, 27741, 27745, 27747, 27748, 27749, 27754, 27756, 27757, 27758, 27760, 27761, 27766, 27770, 27773, 27774, 27776, 27780, 27781, 27782, 27786, 27792, 27798, 27799, 27802, 27803, 27804, 27812, 27813, 27815, 27816, 27819, 27820, 27822, 27839, 27842, 27843, 27849, 27850, 27851, 27853, 27855, 27858, 27860, 27861, 27864, 27866, 27869, 27870, 27872, 27875, 27877, 27879, 27880, 27882, 27883, 27885, 27886, 27896, 27898, 27901, 27903, 27904, 27906, 27908, 27910, 27911, 27912, 27913, 27917, 27919, 27920, 27921, 27923, 27925, 27927, 27933, 27937, 27941, 27943, 27946, 27948, 27950, 27952, 27953, 27958, 27961, 27963, 27964, 27967, 27974, 27975, 27978, 27979, 27980, 27981, 27984, 27987, 27988, 27992, 28001, 28005, 28007, 28008, 28009, 28016, 28022, 28024, 28025, 28028, 28034, 28035, 28037, 28041, 28043, 28044, 28049, 28052, 28053, 28055, 28060, 28063, 28065, 28066, 28075, 28077, 28078, 28080, 28083, 28085, 28087, 28089, 28091, 28095, 28097, 28105, 28106, 28108, 28110, 28112, 28113, 28115, 28116, 28117, 28120, 28123, 28124, 28125, 28127, 28128, 28131, 28133, 28138, 28139, 28143, 28146, 28147, 28149, 28151, 28158, 28159, 28161, 28164, 28165, 28168, 28170, 28171, 28172, 28177, 28180, 28188, 28191, 28197, 28199, 28201, 28202, 28203, 28207, 28208, 28211, 28212, 28220, 28222, 28223, 28225, 28228, 28230, 28238, 28241, 28242, 28243, 28252, 28255, 28256, 28259, 28262, 28263, 28266, 28268, 28269, 28270, 28271, 28272, 28275, 28277, 28279, 28280, 28282, 28283, 28287, 28288, 28290, 28291, 28292, 28294, 28295, 28296, 28300, 28301, 28303, 28305, 28307, 28308, 28309, 28317, 28322, 28324, 28328, 28329, 28337, 28342, 28343, 28350, 28352, 28353, 28354, 28356, 28358, 28359, 28360, 28362, 28363, 28367, 28368, 28369, 28371, 28372, 28373, 28374, 28375, 28377, 28382, 28383, 28388, 28389, 28390, 28391, 28392, 28393, 28394, 28395, 28396, 28400, 28406, 28409, 28411, 28415, 28416, 28421, 28422, 28425, 28427, 28428, 28429, 28430, 28432, 28433, 28434, 28435, 28437, 28438, 28440, 28441, 28444, 28445, 28447, 28449, 28450, 28451, 28454, 28457, 28461, 28464, 28469, 28470, 28474, 28475, 28477, 28480, 28482, 28484, 28485, 28486, 28487, 28490, 28493, 28494, 28497, 28498, 28500, 28502, 28503, 28506, 28508, 28512, 28513, 28521, 28523, 28524, 28526, 28528, 28534, 28537, 28539, 28541, 28543, 28544, 28545, 28546, 28551, 28552, 28554, 28556, 28560, 28561, 28565, 28568, 28569, 28573, 28576, 28580, 28581, 28584, 28587, 28588, 28589, 28590, 28599, 28600, 28601, 28611, 28615, 28616, 28617, 28618, 28622, 28623, 28627, 28628, 28629, 28630, 28632, 28636, 28638, 28639, 28641, 28643, 28646, 28649, 28652, 28654, 28656, 28665, 28669, 28673, 28676, 28681, 28685, 28687, 28688, 28704, 28705, 28706, 28710, 28711, 28718, 28719, 28723, 28726, 28733, 28734, 28735, 28736, 28738, 28740, 28742, 28744, 28748, 28750, 28751, 28753, 28756, 28760, 28762, 28764, 28766, 28770, 28771, 28773, 28774, 28775, 28777, 28779, 28784, 28787, 28796, 28800, 28801, 28802, 28803, 28804, 28805, 28806, 28813, 28815, 28816, 28822, 28823, 28825, 28826, 28828, 28837, 28838, 28839, 28840, 28841, 28843, 28846, 28849, 28851, 28853, 28854, 28857, 28859, 28861, 28864, 28866, 28874, 28875, 28877, 28880, 28881, 28882, 28883, 28886, 28887, 28889, 28891, 28896, 28898, 28899, 28905, 28910, 28911, 28913, 28914, 28916, 28918, 28924, 28926, 28927, 28931, 28934, 28935, 28939, 28940, 28941, 28943, 28944, 28945, 28947, 28948, 28951, 28952, 28955, 28962, 28964, 28965, 28966, 28970, 28972, 28975, 28976, 28977, 28979, 28981, 28983, 28991, 28997, 28999, 29003, 29004, 29007, 29010, 29016, 29018, 29020, 29024, 29026, 29027, 29030, 29032, 29036, 29037, 29042, 29043, 29045, 29046, 29047, 29050, 29051, 29052, 29053, 29055, 29056, 29057, 29059, 29060, 29064, 29065, 29067, 29069, 29070, 29078, 29079, 29080, 29082, 29083, 29086, 29092, 29093, 29098, 29099, 29100, 29101, 29104, 29108, 29110, 29111, 29112, 29114, 29116, 29117, 29119, 29121, 29124, 29125, 29126, 29128, 29132, 29133, 29135, 29136, 29138, 29139, 29140, 29142, 29143, 29146, 29152, 29153, 29160, 29161, 29162, 29163, 29165, 29166, 29168, 29170, 29172, 29173, 29175, 29176, 29178, 29179, 29180, 29189, 29191, 29197, 29199, 29202, 29203, 29205, 29206, 29208, 29213, 29214, 29215, 29216, 29217, 29220, 29222, 29224, 29225, 29228, 29229, 29231, 29232, 29237, 29242, 29243, 29244, 29245, 29248, 29249, 29250, 29259, 29264, 29265, 29266, 29269, 29274, 29277, 29279, 29280, 29281, 29283, 29286, 29289, 29291, 29292, 29295, 29296, 29297, 29299, 29302, 29303, 29305, 29306, 29309, 29315, 29316, 29317, 29319, 29323, 29324, 29325, 29330, 29332, 29335, 29339, 29340, 29343, 29344, 29346, 29347, 29351, 29355, 29357, 29360, 29362, 29366, 29367, 29370, 29373, 29374, 29376, 29378, 29379, 29381, 29382, 29386, 29389, 29391, 29392, 29394, 29396, 29399, 29407, 29410, 29413, 29414, 29421, 29424, 29426, 29434, 29438, 29439, 29442, 29443, 29445, 29447, 29448, 29452, 29458, 29461, 29463, 29473, 29476, 29479, 29480, 29482, 29483, 29485, 29490, 29495, 29496, 29500, 29502, 29504, 29511, 29512, 29513, 29517, 29519, 29526, 29527, 29529, 29532, 29536, 29537, 29539, 29542, 29543, 29546, 29547, 29548, 29549, 29552, 29554, 29562, 29564, 29565, 29566, 29567, 29568, 29574, 29578, 29579, 29581, 29582, 29583, 29587, 29588, 29589, 29591, 29593, 29594, 29595, 29596, 29598, 29599, 29601, 29606, 29607, 29609, 29611, 29613, 29614, 29616, 29620, 29621, 29622, 29625, 29628, 29637, 29638, 29639, 29644, 29650, 29652, 29654, 29655, 29656, 29657, 29658, 29661, 29662, 29665, 29667, 29668, 29670, 29672, 29673, 29674, 29675, 29676, 29681, 29682, 29684, 29687, 29690, 29691, 29692, 29693, 29695, 29698, 29699, 29700, 29701, 29703, 29704, 29713, 29715, 29716, 29717, 29718, 29723, 29728, 29731, 29737, 29740, 29741, 29742, 29751, 29753, 29756, 29761, 29764, 29766, 29771, 29773, 29774, 29775, 29776, 29777, 29778, 29780, 29781, 29783, 29787, 29789, 29790, 29792, 29795, 29797, 29800, 29801, 29808, 29810, 29814, 29819, 29820, 29821, 29827, 29832, 29833, 29834, 29838, 29840, 29844, 29849, 29850, 29851, 29853, 29854, 29855, 29856, 29859, 29861, 29866, 29870, 29871, 29875, 29876, 29878, 29880, 29884, 29886, 29887, 29891, 29894, 29897, 29904, 29905, 29906, 29908, 29909, 29912, 29913, 29914, 29915, 29918, 29919, 29921, 29922, 29924, 29926, 29927, 29930, 29935, 29936, 29937, 29938, 29944, 29945, 29946, 29947, 29948, 29950, 29952, 29953, 29954, 29961, 29962, 29965, 29971, 29974, 29978, 29980, 29981, 29984, 29986, 29989, 29992, 29994, 29996]

